Image,ImageNumber,HighReferenceImage,Method,Parameter,MeanBrightness,StdContrast,GradientMean,GradientRatioToBase,LaplacianEnergy,DarkPixelPercent,SaturatedPixelPercent,MSEToHigh,PSNRToHigh,Comment
1_low.png,1,1_high.png,Original low-light,,0.0966222409649935,0.0913545772505507,0.00704370474568958,0.442925175113094,0.0192394672401854,87.1529166666667,0,0.189699939724038,7.21932807105654,"Αρχική εικόνα χαμηλού φωτισμού πριν από βελτίωση, αποθορυβοποίηση και όξυνση."
1_low.png,1,1_high.png,Base enhanced denoised,gamma 0.6 + contrast stretch + Gaussian denoise,0.351006514678164,0.211435877252606,0.0159026967566045,0.999999999999986,0.017953826880191,46.9795833333333,0,0.0258985564535978,15.8672444216232,"Βασική βελτιωμένη και αποθορυβοποιημένη εικόνα που χρησιμοποιείται ως είσοδος για την όξυνση."
1_low.png,1,1_high.png,Laplacian sharpening,3x3 Laplacian mask,0.351026672865007,0.213741114835152,0.0207269193144816,1.30335877189341,0.0322123394096172,46.84,0,0.0255150834954599,15.9320300614585,"Laplacian sharpening αυξάνει την ένταση των ακμών και αναδεικνύει λεπτομέρειες. Η υπερενίσχυση παραμένει σχετικά περιορισμένη."
1_low.png,1,1_high.png,Unsharp masking,k = 0.5,0.351009995835986,0.212531484426118,0.0180535162480675,1.13524872695378,0.0233032057522767,46.9470833333333,0,0.0256615888002378,15.9071645841256,"Το k=0.5 δίνει ήπια όξυνση και συνήθως πιο φυσικό αποτέλεσμα. Ο λόγος gradient προς τη βάση είναι 1.135. Δεν εμφανίζεται μεγάλη αύξηση κορεσμού ή υπερβολική ενίσχυση ακμών."
1_low.png,1,1_high.png,Unsharp masking,k = 1.0,0.351024601762356,0.213754487590838,0.0203741246148043,1.28117418866976,0.0287989439864057,46.8520833333333,0,0.0255017285631862,15.9343038113426,"Το k=1.0 δίνει πιο καθαρή ανάδειξη λεπτομερειών. Ο λόγος gradient προς τη βάση είναι 1.281. Δεν εμφανίζεται μεγάλη αύξηση κορεσμού ή υπερβολική ενίσχυση ακμών."
1_low.png,1,1_high.png,Unsharp masking,k = 1.5,0.351060605983442,0.215086672343383,0.0228111554496629,1.43442057650938,0.0343592698156874,46.76,0,0.025414631009897,15.9491619135293,"Το k=1.5 δίνει έντονη όξυνση και χρειάζεται προσοχή. Ο λόγος gradient προς τη βάση είναι 1.434. Δεν εμφανίζεται μεγάλη αύξηση κορεσμού ή υπερβολική ενίσχυση ακμών."
22_low.png,22,22_high.png,Original low-light,,0.0759661094867342,0.0508138823120813,0.00482896724796257,0.334249296520716,0.0173845572076057,99.9983333333333,0,0.245068791298219,6.1071199119569,"Αρχική εικόνα χαμηλού φωτισμού πριν από βελτίωση, αποθορυβοποίηση και όξυνση."
22_low.png,22,22_high.png,Base enhanced denoised,gamma 0.6 + contrast stretch + Gaussian denoise,0.399091469395086,0.196292241990344,0.0144472024271357,0.999999999999985,0.0176769124018981,29.455,0,0.0211504894477013,16.7467957807729,"Βασική βελτιωμένη και αποθορυβοποιημένη εικόνα που χρησιμοποιείται ως είσοδος για την όξυνση."
22_low.png,22,22_high.png,Laplacian sharpening,3x3 Laplacian mask,0.399140974210871,0.198129808270412,0.0192378713602737,1.33159838088373,0.0340515612477789,29.5216666666667,0.000416666666666667,0.0210971230622471,16.7577676381973,"Laplacian sharpening αυξάνει την ένταση των ακμών και αναδεικνύει λεπτομέρειες. Η υπερενίσχυση παραμένει σχετικά περιορισμένη."
22_low.png,22,22_high.png,Unsharp masking,k = 0.5,0.399100834356645,0.197151689617298,0.0165047649332249,1.14241944185847,0.0234212031178909,29.4666666666667,0,0.0210736731621268,16.7625975983522,"Το k=0.5 δίνει ήπια όξυνση και συνήθως πιο φυσικό αποτέλεσμα. Ο λόγος gradient προς τη βάση είναι 1.142. Δεν εμφανίζεται μεγάλη αύξηση κορεσμού ή υπερβολική ενίσχυση ακμών."
22_low.png,22,22_high.png,Unsharp masking,k = 1.0,0.39913343730714,0.198086400758298,0.0187094014531061,1.29501898706455,0.0292820923737735,29.5079166666667,0.000416666666666667,0.0210556935695333,16.7663044845126,"Το k=1.0 δίνει πιο καθαρή ανάδειξη λεπτομερειών. Ο λόγος gradient προς τη βάση είναι 1.295. Δεν εμφανίζεται μεγάλη αύξηση κορεσμού ή υπερβολική ενίσχυση ακμών."
22_low.png,22,22_high.png,Unsharp masking,k = 1.5,0.399198467069483,0.199076098458734,0.0210031516938728,1.4537867659709,0.0351754948174727,29.56625,0.000833333333333333,0.021092474165472,16.758724741539,"Το k=1.5 δίνει έντονη όξυνση και χρειάζεται προσοχή. Ο λόγος gradient προς τη βάση είναι 1.454. Δεν εμφανίζεται μεγάλη αύξηση κορεσμού ή υπερβολική ενίσχυση ακμών."
23_low.png,23,23_high.png,Original low-light,,0.0376908221657444,0.0292938127224994,0.00337447948561743,0.249183457260072,0.0148376294306805,100,0,0.343047592464437,4.64645624240438,"Αρχική εικόνα χαμηλού φωτισμού πριν από βελτίωση, αποθορυβοποίηση και όξυνση."
23_low.png,23,23_high.png,Base enhanced denoised,gamma 0.6 + contrast stretch + Gaussian denoise,0.274378875085337,0.161670518907938,0.013542148915991,0.999999999999984,0.0189304107097451,44.5029166666667,0,0.107084386090256,9.70273848768404,"Βασική βελτιωμένη και αποθορυβοποιημένη εικόνα που χρησιμοποιείται ως είσοδος για την όξυνση."
23_low.png,23,23_high.png,Laplacian sharpening,3x3 Laplacian mask,0.274521846904785,0.163344595815972,0.0189510517232748,1.3994124448666,0.0382989184725644,44.6895833333333,0,0.107059060595796,9.70376571711525,"Laplacian sharpening αυξάνει την ένταση των ακμών και αναδεικνύει λεπτομέρειες. Η υπερενίσχυση παραμένει σχετικά περιορισμένη."
23_low.png,23,23_high.png,Unsharp masking,k = 0.5,0.274409168562888,0.162441805954952,0.015816196883533,1.16792371592196,0.0254975171517608,44.6379166666667,0,0.107017512187733,9.70545149191496,"Το k=0.5 δίνει ήπια όξυνση και συνήθως πιο φυσικό αποτέλεσμα. Ο λόγος gradient προς τη βάση είναι 1.168. Δεν εμφανίζεται μεγάλη αύξηση κορεσμού ή υπερβολική ενίσχυση ακμών."
23_low.png,23,23_high.png,Unsharp masking,k = 1.0,0.27448882019811,0.163261946194198,0.0181942589990885,1.34352820309071,0.0321440072558917,44.6866666666667,0,0.106989923121314,9.70657124547452,"Το k=1.0 δίνει πιο καθαρή ανάδειξη λεπτομερειών. Ο λόγος gradient προς τη βάση είναι 1.344. Δεν εμφανίζεται μεγάλη αύξηση κορεσμού ή υπερβολική ενίσχυση ακμών."
23_low.png,23,23_high.png,Unsharp masking,k = 1.5,0.274636825118586,0.164100193518004,0.0206113816322282,1.5220170565315,0.0387763838634948,44.7141666666667,0,0.106986905651717,9.70669373260575,"Το k=1.5 δίνει έντονη όξυνση και χρειάζεται προσοχή. Ο λόγος gradient προς τη βάση είναι 1.522. Δεν εμφανίζεται μεγάλη αύξηση κορεσμού ή υπερβολική ενίσχυση ακμών."
55_low.png,55,55_high.png,Original low-light,,0.038170383408303,0.0318249731461922,0.00340232544131246,0.222860819176023,0.0143452851340737,100,0,0.353085084945962,4.52120627558615,"Αρχική εικόνα χαμηλού φωτισμού πριν από βελτίωση, αποθορυβοποίηση και όξυνση."
55_low.png,55,55_high.png,Base enhanced denoised,gamma 0.6 + contrast stretch + Gaussian denoise,0.283865819396703,0.175642084957072,0.0152665930866257,0.999999999999985,0.0193612488290141,43.4416666666667,0,0.108304756073853,9.65352471433068,"Βασική βελτιωμένη και αποθορυβοποιημένη εικόνα που χρησιμοποιείται ως είσοδος για την όξυνση."
55_low.png,55,55_high.png,Laplacian sharpening,3x3 Laplacian mask,0.284065526211285,0.177565767485779,0.0203113505129799,1.33044421880698,0.0385938211159466,43.40625,0,0.108195773340031,9.65789704580234,"Laplacian sharpening αυξάνει την ένταση των ακμών και αναδεικνύει λεπτομέρειες. Η υπερενίσχυση παραμένει σχετικά περιορισμένη."
55_low.png,55,55_high.png,Unsharp masking,k = 0.5,0.283911204350968,0.176594149873035,0.0173819394863496,1.13856047565562,0.0258773385102698,43.4225,0,0.108201480520013,9.6576679674079,"Το k=0.5 δίνει ήπια όξυνση και συνήθως πιο φυσικό αποτέλεσμα. Ο λόγος gradient προς τη βάση είναι 1.139. Δεν εμφανίζεται μεγάλη αύξηση κορεσμού ή υπερβολική ενίσχυση ακμών."
55_low.png,55,55_high.png,Unsharp masking,k = 1.0,0.284025213001966,0.17756860984544,0.01962573058591,1.2855344001474,0.0324857512330218,43.4104166666667,0,0.108128626082009,9.66059315263526,"Το k=1.0 δίνει πιο καθαρή ανάδειξη λεπτομερειών. Ο λόγος gradient προς τη βάση είναι 1.286. Δεν εμφανίζεται μεγάλη αύξηση κορεσμού ή υπερβολική ενίσχυση ακμών."
55_low.png,55,55_high.png,Unsharp masking,k = 1.5,0.284226862870371,0.178534996979263,0.0219307887403367,1.43652146984574,0.0390775697472006,43.4166666666667,0,0.108068447554959,9.6630108729552,"Το k=1.5 δίνει έντονη όξυνση και χρειάζεται προσοχή. Ο λόγος gradient προς τη βάση είναι 1.437. Δεν εμφανίζεται μεγάλη αύξηση κορεσμού ή υπερβολική ενίσχυση ακμών."
79_low.png,79,79_high.png,Original low-light,,0.0872326975731605,0.0401631585401842,0.00544283763387198,0.818072179946912,0.0192832376761603,99.9616666666667,0.000833333333333333,0.309750106283909,5.08988535933312,"Αρχική εικόνα χαμηλού φωτισμού πριν από βελτίωση, αποθορυβοποίηση και όξυνση."
79_low.png,79,79_high.png,Base enhanced denoised,gamma 0.6 + contrast stretch + Gaussian denoise,0.224625361517393,0.0648262278674637,0.00665324865860248,0.999999999999967,0.00807080120935681,58.8104166666667,0,0.174404432379581,7.58442481940535,"Βασική βελτιωμένη και αποθορυβοποιημένη εικόνα που χρησιμοποιείται ως είσοδος για την όξυνση."
79_low.png,79,79_high.png,Laplacian sharpening,3x3 Laplacian mask,0.224626397361763,0.0662586444259436,0.00881171141097993,1.32442237816955,0.0154567198198435,58.2145833333333,0.000833333333333333,0.174103865127279,7.59191587384586,"Laplacian sharpening αυξάνει την ένταση των ακμών και αναδεικνύει λεπτομέρειες. Η υπερενίσχυση παραμένει σχετικά περιορισμένη."
79_low.png,79,79_high.png,Unsharp masking,k = 0.5,0.224625318909068,0.065491991595368,0.00756576699610098,1.1371538002444,0.0107186329838903,58.5145833333333,0,0.174247399894813,7.58833693687686,"Το k=0.5 δίνει ήπια όξυνση και συνήθως πιο φυσικό αποτέλεσμα. Ο λόγος gradient προς τη βάση είναι 1.137. Δεν εμφανίζεται μεγάλη αύξηση κορεσμού ή υπερβολική ενίσχυση ακμών."
79_low.png,79,79_high.png,Unsharp masking,k = 1.0,0.224625907297093,0.0662395810664606,0.00856569187238022,1.28744502301214,0.0134317141359979,58.245,0,0.174104726128196,7.5918943966074,"Το k=1.0 δίνει πιο καθαρή ανάδειξη λεπτομερειών. Ο λόγος gradient προς τη βάση είναι 1.287. Δεν εμφανίζεται μεγάλη αύξηση κορεσμού ή υπερβολική ενίσχυση ακμών."
79_low.png,79,79_high.png,Unsharp masking,k = 1.5,0.224627563297756,0.0670585621780947,0.00962580614968914,1.44678286407391,0.0161772025872495,57.9908333333333,0.0025,0.173975925456131,7.59510844619285,"Το k=1.5 δίνει έντονη όξυνση και χρειάζεται προσοχή. Ο λόγος gradient προς τη βάση είναι 1.447. Δεν εμφανίζεται μεγάλη αύξηση κορεσμού ή υπερβολική ενίσχυση ακμών."
111_low.png,111,111_high.png,Original low-light,,0.0756839856960276,0.0421421421042066,0.00462635794626648,0.52196252358175,0.0169943478203658,99.6608333333333,0,0.274648276581657,5.61223121832591,"Αρχική εικόνα χαμηλού φωτισμού πριν από βελτίωση, αποθορυβοποίηση και όξυνση."
111_low.png,111,111_high.png,Base enhanced denoised,gamma 0.6 + contrast stretch + Gaussian denoise,0.27640317052838,0.0966419799597451,0.00886339102378447,0.999999999999975,0.0100999275183371,34.5066666666667,0,0.0993145362806508,10.029871808657,"Βασική βελτιωμένη και αποθορυβοποιημένη εικόνα που χρησιμοποιείται ως είσοδος για την όξυνση."
111_low.png,111,111_high.png,Laplacian sharpening,3x3 Laplacian mask,0.276409685116883,0.0982970164948927,0.0114244500448628,1.28894799001935,0.019549389058149,34.4279166666667,0,0.0991323245776945,10.0378470982663,"Laplacian sharpening αυξάνει την ένταση των ακμών και αναδεικνύει λεπτομέρειες. Η υπερενίσχυση παραμένει σχετικά περιορισμένη."
111_low.png,111,111_high.png,Unsharp masking,k = 0.5,0.276403751204805,0.097424196523943,0.00994331938380595,1.12184144388116,0.0133533798633395,34.4854166666667,0,0.0992018720692161,10.0348013206297,"Το k=0.5 δίνει ήπια όξυνση και συνήθως πιο φυσικό αποτέλεσμα. Ο λόγος gradient προς τη βάση είναι 1.122. Δεν εμφανίζεται μεγάλη αύξηση κορεσμού ή υπερβολική ενίσχυση ακμών."
111_low.png,111,111_high.png,Unsharp masking,k = 1.0,0.276408347074481,0.098285800636569,0.0111292996517546,1.2556480495884,0.016692462491915,34.4404166666667,0,0.0991116117140008,10.0387546147944,"Το k=1.0 δίνει πιο καθαρή ανάδειξη λεπτομερειών. Ο λόγος gradient προς τη βάση είναι 1.256. Δεν εμφανίζεται μεγάλη αύξηση κορεσμού ή υπερβολική ενίσχυση ακμών."
111_low.png,111,111_high.png,Unsharp masking,k = 1.5,0.276421279935344,0.0992144637410762,0.0123871053991838,1.39755826702707,0.0200665532633814,34.4120833333333,0,0.0990415999670998,10.0418235245895,"Το k=1.5 δίνει έντονη όξυνση και χρειάζεται προσοχή. Ο λόγος gradient προς τη βάση είναι 1.398. Δεν εμφανίζεται μεγάλη αύξηση κορεσμού ή υπερβολική ενίσχυση ακμών."
146_low.png,146,146_high.png,Original low-light,,0.0955567379883775,0.0499455418592473,0.00611225421089155,0.657325570786182,0.0237960826612199,99.9995833333333,0,0.217292727668845,6.62954808360295,"Αρχική εικόνα χαμηλού φωτισμού πριν από βελτίωση, αποθορυβοποίηση και όξυνση."
146_low.png,146,146_high.png,Base enhanced denoised,gamma 0.6 + contrast stretch + Gaussian denoise,0.272770305129923,0.108613823013258,0.00929867098214506,0.999999999999976,0.0125115498412893,32.2195833333333,0,0.0787348132912429,11.0383319804446,"Βασική βελτιωμένη και αποθορυβοποιημένη εικόνα που χρησιμοποιείται ως είσοδος για την όξυνση."
146_low.png,146,146_high.png,Laplacian sharpening,3x3 Laplacian mask,0.272786594238753,0.11050686350952,0.0127369958916135,1.36976519720617,0.0246799036265938,31.8941666666667,0,0.0782253725539858,11.0665235981801,"Laplacian sharpening αυξάνει την ένταση των ακμών και αναδεικνύει λεπτομέρειες. Η υπερενίσχυση παραμένει σχετικά περιορισμένη."
146_low.png,146,146_high.png,Unsharp masking,k = 0.5,0.27277318204526,0.109439460388974,0.010752042307886,1.15629882254479,0.0167118669624276,32.1316666666667,0,0.0784892832795745,11.0518963663395,"Το k=0.5 δίνει ήπια όξυνση και συνήθως πιο φυσικό αποτέλεσμα. Ο λόγος gradient προς τη βάση είναι 1.156. Δεν εμφανίζεται μεγάλη αύξηση κορεσμού ή υπερβολική ενίσχυση ακμών."
146_low.png,146,146_high.png,Unsharp masking,k = 1.0,0.272783942821262,0.110374525353402,0.0123027056682199,1.32306064940278,0.0210069359821669,32.0254166666667,0,0.0782759149701626,11.0637184719658,"Το k=1.0 δίνει πιο καθαρή ανάδειξη λεπτομερειών. Ο λόγος gradient προς τη βάση είναι 1.323. Δεν εμφανίζεται μεγάλη αύξηση κορεσμού ή υπερβολική ενίσχυση ακμών."
146_low.png,146,146_high.png,Unsharp masking,k = 1.5,0.27280872506763,0.111402158527774,0.013910410923285,1.49595688996792,0.0253374381075726,31.9225,0,0.0780934200397612,11.0738555717018,"Το k=1.5 δίνει έντονη όξυνση και χρειάζεται προσοχή. Ο λόγος gradient προς τη βάση είναι 1.496. Δεν εμφανίζεται μεγάλη αύξηση κορεσμού ή υπερβολική ενίσχυση ακμών."
179_low.png,179,179_high.png,Original low-light,,0.0780549838287873,0.0289184313946062,0.00692134238121163,0.594109069089112,0.0255796711192325,99.9916666666667,0,0.057846910290914,12.3771983255391,"Αρχική εικόνα χαμηλού φωτισμού πριν από βελτίωση, αποθορυβοποίηση και όξυνση."
179_low.png,179,179_high.png,Base enhanced denoised,gamma 0.6 + contrast stretch + Gaussian denoise,0.283284925398561,0.0678234239777177,0.0116499524099561,0.999999999999981,0.0153148289580023,27.2804166666667,0,0.0062023080704706,22.0744666602798,"Βασική βελτιωμένη και αποθορυβοποιημένη εικόνα που χρησιμοποιείται ως είσοδος για την όξυνση."
179_low.png,179,179_high.png,Laplacian sharpening,3x3 Laplacian mask,0.283317010658135,0.0715950887606833,0.0161538549630862,1.38660265678688,0.0297439397567209,27.3054166666667,0,0.0058439412973386,22.3329415522404,"Laplacian sharpening αυξάνει την ένταση των ακμών και αναδεικνύει λεπτομέρειες. Η υπερενίσχυση παραμένει σχετικά περιορισμένη."
179_low.png,179,179_high.png,Unsharp masking,k = 0.5,0.283294422187249,0.0694736850816071,0.0135823904595344,1.1658751882906,0.0204158978491664,27.2741666666667,0,0.00600945771424268,22.2116471640622,"Το k=0.5 δίνει ήπια όξυνση και συνήθως πιο φυσικό αποτέλεσμα. Ο λόγος gradient προς τη βάση είναι 1.166. Δεν εμφανίζεται μεγάλη αύξηση κορεσμού ή υπερβολική ενίσχυση ακμών."
179_low.png,179,179_high.png,Unsharp masking,k = 1.0,0.283314047040822,0.0713355981105337,0.0156257980306598,1.34127569631148,0.0256137097137168,27.3025,0,0.00586897911983844,22.3143743558015,"Το k=1.0 δίνει πιο καθαρή ανάδειξη λεπτομερειών. Ο λόγος gradient προς τη βάση είναι 1.341. Δεν εμφανίζεται μεγάλη αύξηση κορεσμού ή υπερβολική ενίσχυση ακμών."
179_low.png,179,179_high.png,Unsharp masking,k = 1.5,0.283349022397023,0.0733743296901168,0.0177360691838634,1.52241559104617,0.0308522137751446,27.34375,0,0.00578001127530827,22.3807131438235,"Το k=1.5 δίνει έντονη όξυνση και χρειάζεται προσοχή. Ο λόγος gradient προς τη βάση είναι 1.522. Δεν εμφανίζεται μεγάλη αύξηση κορεσμού ή υπερβολική ενίσχυση ακμών."
493_low.png,493,493_high.png,Original low-light,,0.0251649663566211,0.0246007631349398,0.00296901440335345,0.141700095582504,0.0107942954746497,100,0,0.0814421402879234,10.8915082165981,"Αρχική εικόνα χαμηλού φωτισμού πριν από βελτίωση, αποθορυβοποίηση και όξυνση."
493_low.png,493,493_high.png,Base enhanced denoised,gamma 0.6 + contrast stretch + Gaussian denoise,0.27819517813498,0.190020592210441,0.0209528045210437,0.999999999999989,0.0255842494740323,52.7895833333333,0,0.00749800568732647,21.2505423449681,"Βασική βελτιωμένη και αποθορυβοποιημένη εικόνα που χρησιμοποιείται ως είσοδος για την όξυνση."
493_low.png,493,493_high.png,Laplacian sharpening,3x3 Laplacian mask,0.278543805775523,0.192988924033731,0.027580329065458,1.31630727704053,0.0498619412797197,52.3766666666667,0,0.00791284062168329,21.0166758162755,"Laplacian sharpening αυξάνει την ένταση των ακμών και αναδεικνύει λεπτομέρειες. Η υπερενίσχυση παραμένει σχετικά περιορισμένη."
493_low.png,493,493_high.png,Unsharp masking,k = 0.5,0.278299812852007,0.191392216782041,0.0237822366716877,1.1350383500119,0.0339548172551984,52.5595833333333,0,0.00757379557500275,21.206864211384,"Το k=0.5 δίνει ήπια όξυνση και συνήθως πιο φυσικό αποτέλεσμα. Ο λόγος gradient προς τη βάση είναι 1.135. Δεν εμφανίζεται μεγάλη αύξηση κορεσμού ή υπερβολική ενίσχυση ακμών."
493_low.png,493,493_high.png,Unsharp masking,k = 1.0,0.278513007988419,0.192847980703646,0.0267546372988486,1.27690005755447,0.0424445657588639,52.4229166666667,0,0.00777910612510313,21.0907030368359,"Το k=1.0 δίνει πιο καθαρή ανάδειξη λεπτομερειών. Ο λόγος gradient προς τη βάση είναι 1.277. Δεν εμφανίζεται μεγάλη αύξηση κορεσμού ή υπερβολική ενίσχυση ακμών."
493_low.png,493,493_high.png,Unsharp masking,k = 1.5,0.278867656334152,0.194340087331119,0.0297702330265774,1.42082330776664,0.0508894141543942,52.21375,0,0.00810114026068262,20.9145384852016,"Το k=1.5 δίνει έντονη όξυνση και χρειάζεται προσοχή. Ο λόγος gradient προς τη βάση είναι 1.421. Δεν εμφανίζεται μεγάλη αύξηση κορεσμού ή υπερβολική ενίσχυση ακμών."
547_low.png,547,547_high.png,Original low-light,,0.0620225796112242,0.0307095840099245,0.00485697238982758,0.273294637298301,0.0197423487739154,100,0,0.126543129437396,8.97761429552964,"Αρχική εικόνα χαμηλού φωτισμού πριν από βελτίωση, αποθορυβοποίηση και όξυνση."
547_low.png,547,547_high.png,Base enhanced denoised,gamma 0.6 + contrast stretch + Gaussian denoise,0.459040970815197,0.151638336433919,0.0177719271693068,0.999999999999987,0.0233331144571826,10.2429166666667,0,0.00556644058267076,22.5442242231923,"Βασική βελτιωμένη και αποθορυβοποιημένη εικόνα που χρησιμοποιείται ως είσοδος για την όξυνση."
547_low.png,547,547_high.png,Laplacian sharpening,3x3 Laplacian mask,0.459090910267512,0.155705489955246,0.0242999839242967,1.36732407761967,0.0455201744754244,10.6275,0,0.00603716515523274,22.1916694324125,"Laplacian sharpening αυξάνει την ένταση των ακμών και αναδεικνύει λεπτομέρειες. Η υπερενίσχυση παραμένει σχετικά περιορισμένη."
547_low.png,547,547_high.png,Unsharp masking,k = 0.5,0.459048292205736,0.153478678565989,0.0205556123677875,1.15663384009856,0.0309542725843413,10.40375,0,0.00569769369088397,22.4430090222441,"Το k=0.5 δίνει ήπια όξυνση και συνήθως πιο φυσικό αποτέλεσμα. Ο λόγος gradient προς τη βάση είναι 1.157. Δεν εμφανίζεται μεγάλη αύξηση κορεσμού ή υπερβολική ενίσχυση ακμών."
547_low.png,547,547_high.png,Unsharp masking,k = 1.0,0.459085840018059,0.155489391266516,0.0234988178011024,1.32224364736796,0.0387336398577929,10.59625,0,0.00593125582919519,22.2685334340696,"Το k=1.0 δίνει πιο καθαρή ανάδειξη λεπτομερειών. Ο λόγος gradient προς τη βάση είναι 1.322. Δεν εμφανίζεται μεγάλη αύξηση κορεσμού ή υπερβολική ενίσχυση ακμών."
547_low.png,547,547_high.png,Unsharp masking,k = 1.5,0.459172384517253,0.157604887765855,0.0265255381065135,1.49255271270323,0.0465660415096393,10.78375,0,0.00626075145985134,22.033735365531,"Το k=1.5 δίνει έντονη όξυνση και χρειάζεται προσοχή. Ο λόγος gradient προς τη βάση είναι 1.493. Δεν εμφανίζεται μεγάλη αύξηση κορεσμού ή υπερβολική ενίσχυση ακμών."
665_low.png,665,665_high.png,Original low-light,,0.0340600344791864,0.0191885664274847,0.00351288373857917,0.422556386152434,0.0177270296190388,99.9991666666667,0,0.208121454931864,6.81683146707044,"Αρχική εικόνα χαμηλού φωτισμού πριν από βελτίωση, αποθορυβοποίηση και όξυνση."
665_low.png,665,665_high.png,Base enhanced denoised,gamma 0.6 + contrast stretch + Gaussian denoise,0.181255265127403,0.0724841527301972,0.00831340823071083,0.999999999999973,0.0129724976589303,84.07375,0,0.0976215088820896,10.1045448397615,"Βασική βελτιωμένη και αποθορυβοποιημένη εικόνα που χρησιμοποιείται ως είσοδος για την όξυνση."
665_low.png,665,665_high.png,Laplacian sharpening,3x3 Laplacian mask,0.181304410659941,0.0741032989166898,0.0121891308925093,1.46620141273476,0.0270769490128379,83.17875,0,0.0975075909173345,10.1096157337649,"Laplacian sharpening αυξάνει την ένταση των ακμών και αναδεικνύει λεπτομέρειες. Η υπερενίσχυση παραμένει σχετικά περιορισμένη."
665_low.png,665,665_high.png,Unsharp masking,k = 0.5,0.181264326330433,0.0731751562243299,0.00990313585585812,1.19122453523627,0.0176780892454168,83.6883333333333,0,0.0975472141015505,10.1078512932021,"Το k=0.5 δίνει ήπια όξυνση και συνήθως πιο φυσικό αποτέλεσμα. Ο λόγος gradient προς τη βάση είναι 1.191. Δεν εμφανίζεται μεγάλη αύξηση κορεσμού ή υπερβολική ενίσχυση ακμών."
665_low.png,665,665_high.png,Unsharp masking,k = 1.0,0.181291894439915,0.0739446098036357,0.0115731763527632,1.39210971380066,0.0224422052088064,83.2695833333333,0,0.0974912714125516,10.1103426580973,"Το k=1.0 δίνει πιο καθαρή ανάδειξη λεπτομερειών. Ο λόγος gradient προς τη βάση είναι 1.392. Δεν εμφανίζεται μεγάλη αύξηση κορεσμού ή υπερβολική ενίσχυση ακμών."
665_low.png,665,665_high.png,Unsharp masking,k = 1.5,0.181348828207129,0.0747679465514293,0.0132803834915797,1.59746557886088,0.0272108535346082,82.7958333333333,0,0.0974471462808666,10.1123087458248,"Το k=1.5 δίνει έντονη όξυνση και χρειάζεται προσοχή. Ο λόγος gradient προς τη βάση είναι 1.597. Δεν εμφανίζεται μεγάλη αύξηση κορεσμού ή υπερβολική ενίσχυση ακμών."
669_low.png,669,669_high.png,Original low-light,,0.0672875357807946,0.0336537929247375,0.00485627285065483,0.3313090402432,0.019345666850872,100,0,0.211474026741851,6.74742965099202,"Αρχική εικόνα χαμηλού φωτισμού πριν από βελτίωση, αποθορυβοποίηση και όξυνση."
669_low.png,669,669_high.png,Base enhanced denoised,gamma 0.6 + contrast stretch + Gaussian denoise,0.409286036951933,0.133054654298949,0.01465783380704,0.999999999999985,0.0180118937670115,8.20208333333333,0,0.0121406937990928,19.1575649410855,"Βασική βελτιωμένη και αποθορυβοποιημένη εικόνα που χρησιμοποιείται ως είσοδος για την όξυνση."
669_low.png,669,669_high.png,Laplacian sharpening,3x3 Laplacian mask,0.409319033445114,0.136155024224083,0.019475283700752,1.32866042534865,0.0354103154373168,8.73875,0,0.0123204066611432,19.0937495712486,"Laplacian sharpening αυξάνει την ένταση των ακμών και αναδεικνύει λεπτομέρειες. Η υπερενίσχυση παραμένει σχετικά περιορισμένη."
669_low.png,669,669_high.png,Unsharp masking,k = 0.5,0.409292241201892,0.134482899702399,0.0166983132596923,1.13920743539008,0.0239947108017787,8.435,0,0.0121567885644147,19.1518113665508,"Το k=0.5 δίνει ήπια όξυνση και συνήθως πιο φυσικό αποτέλεσμα. Ο λόγος gradient προς τη βάση είναι 1.139. Δεν εμφανίζεται μεγάλη αύξηση κορεσμού ή υπερβολική ενίσχυση ακμών."
669_low.png,669,669_high.png,Unsharp masking,k = 1.0,0.409313861553688,0.136056069487407,0.0189078581456838,1.28994900573932,0.0301147664314882,8.69416666666667,0,0.0122458130176331,19.1201237612927,"Το k=1.0 δίνει πιο καθαρή ανάδειξη λεπτομερειών. Ο λόγος gradient προς τη βάση είναι 1.290. Δεν εμφανίζεται μεγάλη αύξηση κορεσμού ή υπερβολική ενίσχυση ακμών."
669_low.png,669,669_high.png,Unsharp masking,k = 1.5,0.409361885260197,0.137740103048195,0.0212192039027792,1.44763572722372,0.0362806090248587,8.95833333333333,0,0.0124028710405852,19.0647777187344,"Το k=1.5 δίνει έντονη όξυνση και χρειάζεται προσοχή. Ο λόγος gradient προς τη βάση είναι 1.448. Δεν εμφανίζεται μεγάλη αύξηση κορεσμού ή υπερβολική ενίσχυση ακμών."
748_low.png,748,748_high.png,Original low-light,,0.0518469903033934,0.0355384740211846,0.00707939519753908,0.726562432434691,0.0238163322035343,99.68875,0.00541666666666667,0.100879143342304,9.9619861441366,"Αρχική εικόνα χαμηλού φωτισμού πριν από βελτίωση, αποθορυβοποίηση και όξυνση."
748_low.png,748,748_high.png,Base enhanced denoised,gamma 0.6 + contrast stretch + Gaussian denoise,0.161488605518319,0.0539224288465711,0.00974368461883731,0.999999999999977,0.0117413142817215,94.8583333333333,0,0.0436852154634723,13.5966551792712,"Βασική βελτιωμένη και αποθορυβοποιημένη εικόνα που χρησιμοποιείται ως είσοδος για την όξυνση."
748_low.png,748,748_high.png,Laplacian sharpening,3x3 Laplacian mask,0.161495132667383,0.0575219316603751,0.0129463660871104,1.32869305540546,0.0221517800274788,94.2529166666667,0.00333333333333333,0.0433671373698988,13.6283924433701,"Laplacian sharpening αυξάνει την ένταση των ακμών και αναδεικνύει λεπτομέρειες. Η υπερενίσχυση παραμένει σχετικά περιορισμένη."
748_low.png,748,748_high.png,Unsharp masking,k = 0.5,0.161489672569098,0.0555480095678948,0.0111440783080485,1.14372321601046,0.0154474735196767,94.525,0.00125,0.0435116840100093,13.6139410810922,"Το k=0.5 δίνει ήπια όξυνση και συνήθως πιο φυσικό αποτέλεσμα. Ο λόγος gradient προς τη βάση είναι 1.144. Δεν εμφανίζεται μεγάλη αύξηση κορεσμού ή υπερβολική ενίσχυση ακμών."
748_low.png,748,748_high.png,Unsharp masking,k = 1.0,0.161494586732439,0.057349470644657,0.0126487905041563,1.29815270084813,0.0192580280250679,94.23875,0.00375,0.0433719663820849,13.6279088752314,"Το k=1.0 δίνει πιο καθαρή ανάδειξη λεπτομερειών. Ο λόγος gradient προς τη βάση είναι 1.298. Δεν εμφανίζεται μεγάλη αύξηση κορεσμού ή υπερβολική ενίσχυση ακμών."
748_low.png,748,748_high.png,Unsharp masking,k = 1.5,0.161503187569138,0.0592520768622706,0.0142143323112971,1.45882516392376,0.0231017982256511,93.9604166666667,0.00541666666666667,0.0432635288221593,13.638780598972,"Το k=1.5 δίνει έντονη όξυνση και χρειάζεται προσοχή. Ο λόγος gradient προς τη βάση είναι 1.459. Δεν εμφανίζεται μεγάλη αύξηση κορεσμού ή υπερβολική ενίσχυση ακμών."
778_low.png,778,778_high.png,Original low-light,,0.0300412756751427,0.0300323997960678,0.00587746857639882,0.561096701404042,0.0237282702707211,99.9483333333333,0,0.129502137724807,8.87723062513813,"Αρχική εικόνα χαμηλού φωτισμού πριν από βελτίωση, αποθορυβοποίηση και όξυνση."
778_low.png,778,778_high.png,Base enhanced denoised,gamma 0.6 + contrast stretch + Gaussian denoise,0.109700837086795,0.0708869328937387,0.0104749654768802,0.999999999999979,0.0153156786199681,98.155,0,0.0746258011458893,11.2711099346564,"Βασική βελτιωμένη και αποθορυβοποιημένη εικόνα που χρησιμοποιείται ως είσοδος για την όξυνση."
778_low.png,778,778_high.png,Laplacian sharpening,3x3 Laplacian mask,0.109829008448303,0.0736008836252519,0.0149869425343756,1.43073908620068,0.0306253506428341,97.3466666666667,0,0.0737934631890933,11.3198210737263,"Laplacian sharpening αυξάνει την ένταση των ακμών και αναδεικνύει λεπτομέρειες. Η υπερενίσχυση παραμένει σχετικά περιορισμένη."
778_low.png,778,778_high.png,Unsharp masking,k = 0.5,0.109724785953,0.0720294532944307,0.012407316360698,1.18447324605341,0.0206440731848345,97.815,0,0.074246029464802,11.2932676662535,"Το k=0.5 δίνει ήπια όξυνση και συνήθως πιο φυσικό αποτέλεσμα. Ο λόγος gradient προς τη βάση είναι 1.184. Δεν εμφανίζεται μεγάλη αύξηση κορεσμού ή υπερβολική ενίσχυση ακμών."
778_low.png,778,778_high.png,Unsharp masking,k = 1.0,0.109798857198998,0.0733154982132181,0.0144122074351168,1.37587159279201,0.0260297739062533,97.4304166666667,0,0.0738937487742892,11.3139230027451,"Το k=1.0 δίνει πιο καθαρή ανάδειξη λεπτομερειών. Ο λόγος gradient προς τη βάση είναι 1.376. Δεν εμφανίζεται μεγάλη αύξηση κορεσμού ή υπερβολική ενίσχυση ακμών."
778_low.png,778,778_high.png,Unsharp masking,k = 1.5,0.109939407016631,0.0747129733737522,0.01643156348409,1.56865084857382,0.0313956247750262,96.9958333333333,0,0.0735608072001134,11.3335351379188,"Το k=1.5 δίνει έντονη όξυνση και χρειάζεται προσοχή. Ο λόγος gradient προς τη βάση είναι 1.569. Δεν εμφανίζεται μεγάλη αύξηση κορεσμού ή υπερβολική ενίσχυση ακμών."
780_low.png,780,780_high.png,Original low-light,,0.0412207582219927,0.0547050771394892,0.0061476983237023,0.534686412908336,0.0219290557996091,98.6308333333333,0,0.061314781344782,12.1243481614011,"Αρχική εικόνα χαμηλού φωτισμού πριν από βελτίωση, αποθορυβοποίηση και όξυνση."
780_low.png,780,780_high.png,Base enhanced denoised,gamma 0.6 + contrast stretch + Gaussian denoise,0.170036953376484,0.106974078510656,0.0114977642507555,0.999999999999981,0.015755839636545,81.3108333333333,0,0.0114108142968157,19.4268336241833,"Βασική βελτιωμένη και αποθορυβοποιημένη εικόνα που χρησιμοποιείται ως είσοδος για την όξυνση."
780_low.png,780,780_high.png,Laplacian sharpening,3x3 Laplacian mask,0.170153012240987,0.110443887027782,0.015961241617007,1.38820393851421,0.0308486192844371,81.27625,0.0258333333333333,0.0110425502943611,19.5693061402893,"Laplacian sharpening αυξάνει την ένταση των ακμών και αναδεικνύει λεπτομέρειες. Η υπερενίσχυση παραμένει σχετικά περιορισμένη."
780_low.png,780,780_high.png,Unsharp masking,k = 0.5,0.170061287326755,0.108574248245499,0.0134229823327357,1.1674428210557,0.0210828623209563,81.2829166666667,0.00416666666666667,0.0112038611800636,19.5063228088255,"Το k=0.5 δίνει ήπια όξυνση και συνήθως πιο φυσικό αποτέλεσμα. Ο λόγος gradient προς τη βάση είναι 1.167. Δεν εμφανίζεται μεγάλη αύξηση κορεσμού ή υπερβολική ενίσχυση ακμών."
780_low.png,780,780_high.png,Unsharp masking,k = 1.0,0.170122438603063,0.110331106778701,0.0154469750660929,1.3434764123884,0.026491898456571,81.2554166666667,0.0266666666666667,0.0110580253657122,19.563224181795,"Το k=1.0 δίνει πιο καθαρή ανάδειξη λεπτομερειών. Ο λόγος gradient προς τη βάση είναι 1.343. Δεν εμφανίζεται μεγάλη αύξηση κορεσμού ή υπερβολική ενίσχυση ακμών."
780_low.png,780,780_high.png,Unsharp masking,k = 1.5,0.170226647869597,0.112191931583701,0.0175079247470653,1.5227242762361,0.031890890970025,81.1916666666667,0.06375,0.010968944017723,19.5983518002331,"Το k=1.5 δίνει έντονη όξυνση και χρειάζεται προσοχή. Ο λόγος gradient προς τη βάση είναι 1.523. Δεν εμφανίζεται μεγάλη αύξηση κορεσμού ή υπερβολική ενίσχυση ακμών."
