Image,ImageNumber,HighReferenceImage,Method,Parameter,MeanBrightness,IntensityVariance,StdContrast,MinIntensity,MaxIntensity,DarkPixelPercent,BrightPixelPercent,SaturatedPixelPercent,MichelsonContrast,Comment
1_low.png,1,1_high.png,Original low-light,"",0.0966222409649935,0.00834562401104857,0.0913543869283165,0,0.392940768333529,87.1529166666667,0,0,0.999999999999999,"Αρχική εικόνα χαμηλού φωτισμού πριν από τους μετασχηματισμούς."
1_low.png,1,1_high.png,Linear stretch,"full range [0,1]",0.212402340052356,0.040329533391679,0.200822143678627,0,0.863792206250429,67.9304166666667,0.00541666666666667,0,1,"Η αντίθεση αυξάνεται επειδή το εύρος εντάσεων απλώνεται στο πλήρες δυναμικό εύρος. Ο θόρυβος στις σκοτεινές περιοχές ενισχύεται μαζί με τη χρήσιμη λεπτομέρεια. Δεν δημιουργείται έντονος κορεσμός στις φωτεινές περιοχές."
1_low.png,1,1_high.png,Gamma correction,"gamma = 0.4",0.346528846427876,0.0212340568963596,0.145719102716012,0,0.686671640651241,31.5716666666667,0,0,1,"Η μικρή τιμή gamma δίνει ισχυρή φωτεινότητα στις σκοτεινές περιοχές. Η μέση φωτεινότητα αλλάζει κατά 0.2499. Ο κορεσμός των φωτεινών περιοχών παραμένει περιορισμένος."
1_low.png,1,1_high.png,Gamma correction,"gamma = 0.6",0.218809343101962,0.017778783745377,0.133337105658466,0,0.569670229551774,66.4645833333333,0,0,1,"Η τιμή gamma φωτίζει τις σκοτεινές περιοχές πιο ήπια. Η μέση φωτεινότητα αλλάζει κατά 0.1222. Ο κορεσμός των φωτεινών περιοχών παραμένει περιορισμένος."
1_low.png,1,1_high.png,Gamma correction,"gamma = 0.8",0.143194084507284,0.0126498800518843,0.11247168555634,0,0.472954380183896,78.5495833333333,0,0,1,"Η τιμή gamma φωτίζει τις σκοτεινές περιοχές πιο ήπια. Η μέση φωτεινότητα αλλάζει κατά 0.0466. Ο κορεσμός των φωτεινών περιοχών παραμένει περιορισμένος."
1_low.png,1,1_high.png,Gamma correction,"gamma = 1.2",0.0668868104857753,0.00530111792613914,0.0728087764362177,0,0.326691381990326,99.7458333333333,0,0,0.999999999999999,"Επειδή η gamma είναι μεγαλύτερη από 1, η εικόνα σκοτεινιάζει αντί να βελτιώνεται για χαμηλό φωτισμό. Η μέση φωτεινότητα αλλάζει κατά -0.0297. Ο κορεσμός των φωτεινών περιοχών παραμένει περιορισμένος."
1_low.png,1,1_high.png,Log transform,"log(1+I)/log(2)",0.127992051405837,0.0133299054941095,0.115455209904575,0,0.47710332449925,83.9345833333333,0,0,1,"Ανεβάζει τη μέση φωτεινότητα από 0.0966 σε 0.1280 και συμπιέζει τις υψηλές εντάσεις. Σε σύγκριση με gamma 0.4, ο λογαριθμικός μετασχηματισμός είναι πιο ήπιος."
22_low.png,22,22_high.png,Original low-light,"",0.0759661094867342,0.00258203987708173,0.0508137764497162,0,0.298679439924572,99.9983333333333,0,0,0.999999999999999,"Αρχική εικόνα χαμηλού φωτισμού πριν από τους μετασχηματισμούς."
22_low.png,22,22_high.png,Linear stretch,"full range [0,1]",0.248350742552785,0.0275965060827153,0.166121961470226,0,0.976452015138023,47.9066666666667,0.0291666666666667,0,1,"Η αντίθεση αυξάνεται επειδή το εύρος εντάσεων απλώνεται στο πλήρες δυναμικό εύρος. Ο θόρυβος στις σκοτεινές περιοχές ενισχύεται μαζί με τη χρήσιμη λεπτομέρεια. Δεν δημιουργείται έντονος κορεσμός στις φωτεινές περιοχές."
22_low.png,22,22_high.png,Gamma correction,"gamma = 0.4",0.323752938075578,0.0157140446632984,0.125355672641083,0,0.616645659276852,29.9416666666667,0,0,1,"Η μικρή τιμή gamma δίνει ισχυρή φωτεινότητα στις σκοτεινές περιοχές. Η μέση φωτεινότητα αλλάζει κατά 0.2478. Ο κορεσμός των φωτεινών περιοχών παραμένει περιορισμένος."
22_low.png,22,22_high.png,Gamma correction,"gamma = 0.6",0.19606726833502,0.0095387143621738,0.0976663420128644,0,0.484257990492106,56.9070833333333,0,0,1,"Η τιμή gamma φωτίζει τις σκοτεινές περιοχές πιο ήπια. Η μέση φωτεινότητα αλλάζει κατά 0.1201. Ο κορεσμός των φωτεινών περιοχών παραμένει περιορισμένος."
22_low.png,22,22_high.png,Gamma correction,"gamma = 0.8",0.121128742907779,0.00512063999767036,0.0715586472599249,0,0.380306162408541,99.1441666666667,0,0,0.999999999999999,"Η τιμή gamma φωτίζει τις σκοτεινές περιοχές πιο ήπια. Η μέση φωτεινότητα αλλάζει κατά 0.0452. Ο κορεσμός των φωτεινών περιοχών παραμένει περιορισμένος."
22_low.png,22,22_high.png,Gamma correction,"gamma = 1.2",0.0481913111863128,0.00125931968353442,0.0354868945321287,0,0.234580895291497,100,0,0,0.999999999999999,"Επειδή η gamma είναι μεγαλύτερη από 1, η εικόνα σκοτεινιάζει αντί να βελτιώνεται για χαμηλό φωτισμό. Η μέση φωτεινότητα αλλάζει κατά -0.0278. Ο κορεσμός των φωτεινών περιοχών παραμένει περιορισμένος."
22_low.png,22,22_high.png,Log transform,"log(1+I)/log(2)",0.103995454124975,0.00465731005061859,0.0682444873276852,0,0.377011569910085,99.3254166666667,0,0,0.999999999999999,"Ανεβάζει τη μέση φωτεινότητα από 0.0760 σε 0.1040 και συμπιέζει τις υψηλές εντάσεις. Σε σύγκριση με gamma 0.4, ο λογαριθμικός μετασχηματισμός είναι πιο ήπιος."
23_low.png,23,23_high.png,Original low-light,"",0.0376908221657444,0.000858123888289769,0.0292937516936593,0,0.179521834417761,100,0,0,0.999999999999999,"Αρχική εικόνα χαμηλού φωτισμού πριν από τους μετασχηματισμούς."
23_low.png,23,23_high.png,Linear stretch,"full range [0,1]",0.141340583121541,0.0120673671790749,0.109851568851223,0,0.673206879066603,77.3079166666667,0,0,1,"Η αντίθεση αυξάνεται επειδή το εύρος εντάσεων απλώνεται στο πλήρες δυναμικό εύρος. Ο θόρυβος στις σκοτεινές περιοχές ενισχύεται μαζί με τη χρήσιμη λεπτομέρεια. Δεν δημιουργείται έντονος κορεσμός στις φωτεινές περιοχές."
23_low.png,23,23_high.png,Gamma correction,"gamma = 0.4",0.232097463320912,0.0130400865094567,0.114193198175096,0,0.502818110141904,47.0516666666667,0,0,1,"Η μικρή τιμή gamma δίνει ισχυρή φωτεινότητα στις σκοτεινές περιοχές. Η μέση φωτεινότητα αλλάζει κατά 0.1944. Ο κορεσμός των φωτεινών περιοχών παραμένει περιορισμένος."
23_low.png,23,23_high.png,Gamma correction,"gamma = 0.6",0.124145765452779,0.00555936490109515,0.0745611487377652,0,0.356644650001092,99.0245833333333,0,0,0.999999999999999,"Η τιμή gamma φωτίζει τις σκοτεινές περιοχές πιο ήπια. Η μέση φωτεινότητα αλλάζει κατά 0.0865. Ο κορεσμός των φωτεινών περιοχών παραμένει περιορισμένος."
23_low.png,23,23_high.png,Gamma correction,"gamma = 0.8",0.0678425897073149,0.00222449832863721,0.0471645876546929,0,0.25301034662099,99.9995833333333,0,0,0.999999999999999,"Η τιμή gamma φωτίζει τις σκοτεινές περιοχές πιο ήπια. Η μέση φωτεινότητα αλλάζει κατά 0.0302. Ο κορεσμός των φωτεινών περιοχών παραμένει περιορισμένος."
23_low.png,23,23_high.png,Gamma correction,"gamma = 1.2",0.0212077931266126,0.00032473855147686,0.0180205036410434,0,0.12740057041131,100,0,0,0.999999999999998,"Επειδή η gamma είναι μεγαλύτερη από 1, η εικόνα σκοτεινιάζει αντί να βελτιώνεται για χαμηλό φωτισμό. Η μέση φωτεινότητα αλλάζει κατά -0.0165. Ο κορεσμός των φωτεινών περιοχών παραμένει περιορισμένος."
23_low.png,23,23_high.png,Log transform,"log(1+I)/log(2)",0.0527850766965846,0.00164894308785427,0.0406071802499788,0,0.238129156586534,100,0,0,0.999999999999999,"Ανεβάζει τη μέση φωτεινότητα από 0.0377 σε 0.0528 και συμπιέζει τις υψηλές εντάσεις. Σε σύγκριση με gamma 0.4, ο λογαριθμικός μετασχηματισμός είναι πιο ήπιος."
55_low.png,55,55_high.png,Original low-light,"",0.038170383408303,0.00101282469563537,0.0318249068440957,0,0.142028285648525,100,0,0,0.999999999999998,"Αρχική εικόνα χαμηλού φωτισμού πριν από τους μετασχηματισμούς."
55_low.png,55,55_high.png,Linear stretch,"full range [0,1]",0.152085121392457,0.0160788393148658,0.126802363206944,0,0.56589395063084,74.985,0,0,1,"Η αντίθεση αυξάνεται επειδή το εύρος εντάσεων απλώνεται στο πλήρες δυναμικό εύρος. Ο θόρυβος στις σκοτεινές περιοχές ενισχύεται μαζί με τη χρήσιμη λεπτομέρεια. Δεν δημιουργείται έντονος κορεσμός στις φωτεινές περιοχές."
55_low.png,55,55_high.png,Gamma correction,"gamma = 0.4",0.230266936402614,0.0141379592780643,0.118903150833207,0,0.457995691758012,48.0091666666667,0,0,1,"Η μικρή τιμή gamma δίνει ισχυρή φωτεινότητα στις σκοτεινές περιοχές. Η μέση φωτεινότητα αλλάζει κατά 0.1921. Ο κορεσμός των φωτεινών περιοχών παραμένει περιορισμένος."
55_low.png,55,55_high.png,Gamma correction,"gamma = 0.6",0.123850275762972,0.0060926448922043,0.0780553963041909,0,0.309982053035038,95.3679166666667,0,0,0.999999999999999,"Η τιμή gamma φωτίζει τις σκοτεινές περιοχές πιο ήπια. Η μέση φωτεινότητα αλλάζει κατά 0.0857. Ο κορεσμός των φωτεινών περιοχών παραμένει περιορισμένος."
55_low.png,55,55_high.png,Gamma correction,"gamma = 0.8",0.0681392890028413,0.00251444764746178,0.0501442683410754,0,0.209817205262766,100,0,0,0.999999999999999,"Η τιμή gamma φωτίζει τις σκοτεινές περιοχές πιο ήπια. Η μέση φωτεινότητα αλλάζει κατά 0.0300. Ο κορεσμός των φωτεινών περιοχών παραμένει περιορισμένος."
55_low.png,55,55_high.png,Gamma correction,"gamma = 1.2",0.0216938223015151,0.000403366461071553,0.0200839851889896,0,0.0961474118515052,100,0,0,0.999999999999998,"Επειδή η gamma είναι μεγαλύτερη από 1, η εικόνα σκοτεινιάζει αντί να βελτιώνεται για χαμηλό φωτισμό. Η μέση φωτεινότητα αλλάζει κατά -0.0165. Ο κορεσμός των φωτεινών περιοχών παραμένει περιορισμένος."
55_low.png,55,55_high.png,Log transform,"log(1+I)/log(2)",0.0533509511274729,0.00192496605373026,0.0438744350816082,0,0.191579695992351,100,0,0,0.999999999999999,"Ανεβάζει τη μέση φωτεινότητα από 0.0382 σε 0.0534 και συμπιέζει τις υψηλές εντάσεις. Σε σύγκριση με gamma 0.4, ο λογαριθμικός μετασχηματισμός είναι πιο ήπιος."
79_low.png,79,79_high.png,Original low-light,"",0.0872326975731605,0.00161307258276021,0.0401630748668501,0,1,99.9616666666667,0.00333333333333333,0.000833333333333333,1,"Αρχική εικόνα χαμηλού φωτισμού πριν από τους μετασχηματισμούς."
79_low.png,79,79_high.png,Linear stretch,"full range [0,1]",0.0872326975731605,0.00161307258276021,0.0401630748668501,0,1,99.9616666666667,0.00333333333333333,0.000833333333333333,1,"Η αντίθεση δεν αυξάνεται έντονα επειδή το αρχικό εύρος ήταν ήδη αρκετά μεγάλο. Ο θόρυβος στις σκοτεινές περιοχές ενισχύεται μαζί με τη χρήσιμη λεπτομέρεια. Δεν δημιουργείται έντονος κορεσμός στις φωτεινές περιοχές."
79_low.png,79,79_high.png,Gamma correction,"gamma = 0.4",0.365336227313034,0.00575532173939939,0.0758638368354738,0,1,6.45625,0.00791666666666667,0.00125,1,"Η μικρή τιμή gamma δίνει ισχυρή φωτεινότητα στις σκοτεινές περιοχές. Η μέση φωτεινότητα αλλάζει κατά 0.2781. Ο κορεσμός των φωτεινών περιοχών παραμένει περιορισμένος."
79_low.png,79,79_high.png,Gamma correction,"gamma = 0.6",0.224625361517393,0.004441161221473,0.0666420379450764,0,1,58.1570833333333,0.00375,0.00125,1,"Η τιμή gamma φωτίζει τις σκοτεινές περιοχές πιο ήπια. Η μέση φωτεινότητα αλλάζει κατά 0.1374. Ο κορεσμός των φωτεινών περιοχών παραμένει περιορισμένος."
79_low.png,79,79_high.png,Gamma correction,"gamma = 0.8",0.139399113663741,0.00281248457772972,0.0530328631862332,0,1,99.9320833333333,0.00375,0.000833333333333333,1,"Η τιμή gamma φωτίζει τις σκοτεινές περιοχές πιο ήπια. Η μέση φωτεινότητα αλλάζει κατά 0.0522. Ο κορεσμός των φωτεινών περιοχών παραμένει περιορισμένος."
79_low.png,79,79_high.png,Gamma correction,"gamma = 1.2",0.0549992306095818,0.000878290169741953,0.0296359607528076,0,1,99.9704166666667,0.00333333333333333,0.000833333333333333,1,"Επειδή η gamma είναι μεγαλύτερη από 1, η εικόνα σκοτεινιάζει αντί να βελτιώνεται για χαμηλό φωτισμό. Η μέση φωτεινότητα αλλάζει κατά -0.0322. Ο κορεσμός των φωτεινών περιοχών παραμένει περιορισμένος."
79_low.png,79,79_high.png,Log transform,"log(1+I)/log(2)",0.119665894445231,0.00281242950347975,0.0530323439372592,0,1,99.9466666666667,0.00375,0.000833333333333333,1,"Ανεβάζει τη μέση φωτεινότητα από 0.0872 σε 0.1197 και συμπιέζει τις υψηλές εντάσεις. Σε σύγκριση με gamma 0.4, ο λογαριθμικός μετασχηματισμός είναι πιο ήπιος."
111_low.png,111,111_high.png,Original low-light,"",0.0756839856960276,0.00177595274129722,0.0421420543079857,0,0.487574207551777,99.6608333333333,0,0,1,"Αρχική εικόνα χαμηλού φωτισμού πριν από τους μετασχηματισμούς."
111_low.png,111,111_high.png,Linear stretch,"full range [0,1]",0.126139976160046,0.00493320205915894,0.0702367571799762,0,0.812623679252961,95.6616666666667,0.00208333333333333,0,1,"Η αντίθεση αυξάνεται επειδή το εύρος εντάσεων απλώνεται στο πλήρες δυναμικό εύρος. Ο θόρυβος στις σκοτεινές περιοχές ενισχύεται μαζί με τη χρήσιμη λεπτομέρεια. Δεν δημιουργείται έντονος κορεσμός στις φωτεινές περιοχές."
111_low.png,111,111_high.png,Gamma correction,"gamma = 0.4",0.339569654737434,0.00753453245947914,0.0868016846580707,0,0.750153912989101,17.5125,0.000416666666666667,0,1,"Η μικρή τιμή gamma δίνει ισχυρή φωτεινότητα στις σκοτεινές περιοχές. Η μέση φωτεινότητα αλλάζει κατά 0.2639. Ο κορεσμός των φωτεινών περιοχών παραμένει περιορισμένος."
111_low.png,111,111_high.png,Gamma correction,"gamma = 0.6",0.203438793045244,0.00526557998403438,0.0725643161893942,0,0.649768138717763,79.8520833333333,0,0,1,"Η τιμή gamma φωτίζει τις σκοτεινές περιοχές πιο ήπια. Η μέση φωτεινότητα αλλάζει κατά 0.1278. Ο κορεσμός των φωτεινών περιοχών παραμένει περιορισμένος."
111_low.png,111,111_high.png,Gamma correction,"gamma = 0.8",0.123405489106938,0.00316139148110559,0.0562262525970351,0,0.562844582274516,96.3504166666667,0,0,1,"Η τιμή gamma φωτίζει τις σκοτεινές περιοχές πιο ήπια. Η μέση φωτεινότητα αλλάζει κατά 0.0477. Ο κορεσμός των φωτεινών περιοχών παραμένει περιορισμένος."
111_low.png,111,111_high.png,Gamma correction,"gamma = 1.2",0.0468816527832016,0.000970320969829191,0.0311499754386611,0,0.422391549549427,99.915,0,0,0.999999999999999,"Επειδή η gamma είναι μεγαλύτερη από 1, η εικόνα σκοτεινιάζει αντί να βελτιώνεται για χαμηλό φωτισμό. Η μέση φωτεινότητα αλλάζει κατά -0.0288. Ο κορεσμός των φωτεινών περιοχών παραμένει περιορισμένος."
111_low.png,111,111_high.png,Log transform,"log(1+I)/log(2)",0.104147764333174,0.00307317445713974,0.0554362197226663,0,0.572862850484238,96.9154166666667,0,0,1,"Ανεβάζει τη μέση φωτεινότητα από 0.0757 σε 0.1041 και συμπιέζει τις υψηλές εντάσεις. Σε σύγκριση με gamma 0.4, ο λογαριθμικός μετασχηματισμός είναι πιο ήπιος."
146_low.png,146,146_high.png,Original low-light,"",0.0955567379883775,0.0024945467576257,0.0499454378059267,0,0.32014572283102,99.9995833333333,0,0,0.999999999999999,"Αρχική εικόνα χαμηλού φωτισμού πριν από τους μετασχηματισμούς."
146_low.png,146,146_high.png,Linear stretch,"full range [0,1]",0.126911292640814,0.00440017097750138,0.0663337845859965,0,0.425193538134949,99.9991666666667,0,0,0.999999999999999,"Η αντίθεση αυξάνεται επειδή το εύρος εντάσεων απλώνεται στο πλήρες δυναμικό εύρος. Ο θόρυβος στις σκοτεινές περιοχές ενισχύεται μαζί με τη χρήσιμη λεπτομέρεια. Δεν δημιουργείται έντονος κορεσμός στις φωτεινές περιοχές."
146_low.png,146,146_high.png,Gamma correction,"gamma = 0.4",0.364001677656961,0.0139515778670714,0.118116797565255,0,0.580380150426012,21.3745833333333,0,0,1,"Η μικρή τιμή gamma δίνει ισχυρή φωτεινότητα στις σκοτεινές περιοχές. Η μέση φωτεινότητα αλλάζει κατά 0.2684. Ο κορεσμός των φωτεινών περιοχών παραμένει περιορισμένος."
146_low.png,146,146_high.png,Gamma correction,"gamma = 0.6",0.230066676331138,0.00885943450307798,0.0941245690724689,0,0.462352589182485,38.1920833333333,0,0,1,"Η τιμή gamma φωτίζει τις σκοτεινές περιοχές πιο ήπια. Η μέση φωτεινότητα αλλάζει κατά 0.1345. Ο κορεσμός των φωτεινών περιοχών παραμένει περιορισμένος."
146_low.png,146,146_high.png,Gamma correction,"gamma = 0.8",0.147527146722559,0.00487033807957643,0.0697878075280807,0,0.379446272208512,99.9770833333333,0,0,0.999999999999999,"Η τιμή gamma φωτίζει τις σκοτεινές περιοχές πιο ήπια. Η μέση φωτεινότητα αλλάζει κατά 0.0520. Ο κορεσμός των φωτεινών περιοχών παραμένει περιορισμένος."
146_low.png,146,146_high.png,Gamma correction,"gamma = 1.2",0.0623391854292287,0.00123046922828413,0.0350780448184349,0,0.276794232122549,99.9995833333333,0,0,0.999999999999999,"Επειδή η gamma είναι μεγαλύτερη από 1, η εικόνα σκοτεινιάζει αντί να βελτιώνεται για χαμηλό φωτισμό. Η μέση φωτεινότητα αλλάζει κατά -0.0332. Ο κορεσμός των φωτεινών περιοχών παραμένει περιορισμένος."
146_low.png,146,146_high.png,Log transform,"log(1+I)/log(2)",0.130040499130471,0.00448174083824123,0.0669458052326001,0,0.370300894884704,99.9995833333333,0,0,0.999999999999999,"Ανεβάζει τη μέση φωτεινότητα από 0.0956 σε 0.1300 και συμπιέζει τις υψηλές εντάσεις. Σε σύγκριση με gamma 0.4, ο λογαριθμικός μετασχηματισμός είναι πιο ήπιος."
179_low.png,179,179_high.png,Original low-light,"",0.0780549838287873,0.000836272189842568,0.0289183711478113,0,0.509170706467747,99.9916666666667,0,0,1,"Αρχική εικόνα χαμηλού φωτισμού πριν από τους μετασχηματισμούς."
179_low.png,179,179_high.png,Linear stretch,"full range [0,1]",0.132693472508938,0.00241682662864502,0.0491612309512793,0,0.86559020099517,98.3991666666667,0.000833333333333333,0,1,"Η αντίθεση αυξάνεται επειδή το εύρος εντάσεων απλώνεται στο πλήρες δυναμικό εύρος. Ο θόρυβος στις σκοτεινές περιοχές ενισχύεται μαζί με τη χρήσιμη λεπτομέρεια. Δεν δημιουργείται έντονος κορεσμός στις φωτεινές περιοχές."
179_low.png,179,179_high.png,Gamma correction,"gamma = 0.4",0.341088311691129,0.00443755923105201,0.0666150075512418,0,0.75987982652901,11.3633333333333,0.000833333333333333,0,1,"Η μικρή τιμή gamma δίνει ισχυρή φωτεινότητα στις σκοτεινές περιοχές. Η μέση φωτεινότητα αλλάζει κατά 0.2630. Ο κορεσμός των φωτεινών περιοχών παραμένει περιορισμένος."
179_low.png,179,179_high.png,Gamma correction,"gamma = 0.6",0.206041219626543,0.00282909214375531,0.053189210783347,0,0.664017075711622,87.0854166666667,0,0,1,"Η τιμή gamma φωτίζει τις σκοτεινές περιοχές πιο ήπια. Η μέση φωτεινότητα αλλάζει κατά 0.1280. Ο κορεσμός των φωτεινών περιοχών παραμένει περιορισμένος."
179_low.png,179,179_high.png,Gamma correction,"gamma = 0.8",0.126093976341109,0.00158456343014181,0.039806575212417,0,0.581082295014453,99.6533333333333,0,0,1,"Η τιμή gamma φωτίζει τις σκοτεινές περιοχές πιο ήπια. Η μέση φωτεινότητα αλλάζει κατά 0.0480. Ο κορεσμός των φωτεινών περιοχών παραμένει περιορισμένος."
179_low.png,179,179_high.png,Gamma correction,"gamma = 1.2",0.0488176499100058,0.000430376776252948,0.0207455242462789,0,0.446688432008921,99.9970833333333,0,0,1,"Επειδή η gamma είναι μεγαλύτερη από 1, η εικόνα σκοτεινιάζει αντί να βελτιώνεται για χαμηλό φωτισμό. Η μέση φωτεινότητα αλλάζει κατά -0.0292. Ο κορεσμός των φωτεινών περιοχών παραμένει περιορισμένος."
179_low.png,179,179_high.png,Log transform,"log(1+I)/log(2)",0.107169113869992,0.00147999907774619,0.0384707561369177,0,0.59103597479116,99.80375,0,0,1,"Ανεβάζει τη μέση φωτεινότητα από 0.0781 σε 0.1072 και συμπιέζει τις υψηλές εντάσεις. Σε σύγκριση με gamma 0.4, ο λογαριθμικός μετασχηματισμός είναι πιο ήπιος."
493_low.png,493,493_high.png,Original low-light,"",0.0251649663566211,0.000605195025164968,0.0246007118832965,0,0.116033813558695,100,0,0,0.999999999999998,"Αρχική εικόνα χαμηλού φωτισμού πριν από τους μετασχηματισμούς."
493_low.png,493,493_high.png,Linear stretch,"full range [0,1]",0.156513815144838,0.0234103548550577,0.153004427566844,0,0.72167371847481,76.6891666666667,0,0,1,"Η αντίθεση αυξάνεται επειδή το εύρος εντάσεων απλώνεται στο πλήρες δυναμικό εύρος. Ο θόρυβος στις σκοτεινές περιοχές ενισχύεται μαζί με τη χρήσιμη λεπτομέρεια. Δεν δημιουργείται έντονος κορεσμός στις φωτεινές περιοχές."
493_low.png,493,493_high.png,Gamma correction,"gamma = 0.4",0.186383234508629,0.0106275444875897,0.103089982479335,0,0.420691253160411,70.6804166666667,0,0,0.999999999999999,"Η μικρή τιμή gamma δίνει ισχυρή φωτεινότητα στις σκοτεινές περιοχές. Η μέση φωτεινότητα αλλάζει κατά 0.1612. Ο κορεσμός των φωτεινών περιοχών παραμένει περιορισμένος."
493_low.png,493,493_high.png,Gamma correction,"gamma = 0.6",0.0929171336476409,0.00422917514051545,0.0650321085350571,0,0.273494110869713,99.8445833333333,0,0,0.999999999999999,"Η τιμή gamma φωτίζει τις σκοτεινές περιοχές πιο ήπια. Η μέση φωτεινότητα αλλάζει κατά 0.0678. Ο κορεσμός των φωτεινών περιοχών παραμένει περιορισμένος."
493_low.png,493,493_high.png,Gamma correction,"gamma = 0.8",0.0477427946103553,0.00161919606450828,0.0402392353867252,0,0.178036454528802,100,0,0,0.999999999999999,"Η τιμή gamma φωτίζει τις σκοτεινές περιοχές πιο ήπια. Η μέση φωτεινότητα αλλάζει κατά 0.0226. Ο κορεσμός των φωτεινών περιοχών παραμένει περιορισμένος."
493_low.png,493,493_high.png,Gamma correction,"gamma = 1.2",0.0135493459290816,0.000223416896456958,0.0149471367310585,0,0.0757039723933572,100,0,0,0.999999999999997,"Επειδή η gamma είναι μεγαλύτερη από 1, η εικόνα σκοτεινιάζει αντί να βελτιώνεται για χαμηλό φωτισμό. Η μέση φωτεινότητα αλλάζει κατά -0.0116. Ο κορεσμός των φωτεινών περιοχών παραμένει περιορισμένος."
493_low.png,493,493_high.png,Log transform,"log(1+I)/log(2)",0.0353912465390113,0.00116727897595362,0.0341654646676088,0,0.158161252723211,100,0,0,0.999999999999999,"Ανεβάζει τη μέση φωτεινότητα από 0.0252 σε 0.0354 και συμπιέζει τις υψηλές εντάσεις. Σε σύγκριση με gamma 0.4, ο λογαριθμικός μετασχηματισμός είναι πιο ήπιος."
547_low.png,547,547_high.png,Original low-light,"",0.0620225796112242,0.000943074620568649,0.0307095200315578,0,0.147400168919416,100,0,0,0.999999999999998,"Αρχική εικόνα χαμηλού φωτισμού πριν από τους μετασχηματισμούς."
547_low.png,547,547_high.png,Linear stretch,"full range [0,1]",0.292884403719669,0.0210299818938534,0.145017177926801,0,0.696056353230576,37.6125,0,0,1,"Η αντίθεση αυξάνεται επειδή το εύρος εντάσεων απλώνεται στο πλήρες δυναμικό εύρος. Ο θόρυβος στις σκοτεινές περιοχές ενισχύεται μαζί με τη χρήσιμη λεπτομέρεια. Δεν δημιουργείται έντονος κορεσμός στις φωτεινές περιοχές."
547_low.png,547,547_high.png,Gamma correction,"gamma = 0.4",0.313611981375732,0.00657828393451805,0.0811066207810315,0,0.464932844217782,18.4566666666667,0,0,1,"Η μικρή τιμή gamma δίνει ισχυρή φωτεινότητα στις σκοτεινές περιοχές. Η μέση φωτεινότητα αλλάζει κατά 0.2516. Ο κορεσμός των φωτεινών περιοχών παραμένει περιορισμένος."
547_low.png,547,547_high.png,Gamma correction,"gamma = 0.6",0.180868774933003,0.00382685311220357,0.061861564094384,0,0.317022310047295,87.2708333333333,0,0,0.999999999999999,"Η τιμή gamma φωτίζει τις σκοτεινές περιοχές πιο ήπια. Η μέση φωτεινότητα αλλάζει κατά 0.1188. Ο κορεσμός των φωτεινών περιοχών παραμένει περιορισμένος."
547_low.png,547,547_high.png,Gamma correction,"gamma = 0.8",0.105435743995557,0.00196464599519561,0.0443243273518686,0,0.216168501451883,100,0,0,0.999999999999999,"Η τιμή gamma φωτίζει τις σκοτεινές περιοχές πιο ήπια. Η μέση φωτεινότητα αλλάζει κατά 0.0434. Ο κορεσμός των φωτεινών περιοχών παραμένει περιορισμένος."
547_low.png,547,547_high.png,Gamma correction,"gamma = 1.2",0.0367717913810319,0.000435501880432764,0.0208686818087,0,0.100509365469059,100,0,0,0.999999999999998,"Επειδή η gamma είναι μεγαλύτερη από 1, η εικόνα σκοτεινιάζει αντί να βελτιώνεται για χαμηλό φωτισμό. Η μέση φωτεινότητα αλλάζει κατά -0.0253. Ο κορεσμός των φωτεινών περιοχών παραμένει περιορισμένος."
547_low.png,547,547_high.png,Log transform,"log(1+I)/log(2)",0.0861822697194375,0.00173676107014264,0.0416744654451937,0,0.198366591960372,100,0,0,0.999999999999999,"Ανεβάζει τη μέση φωτεινότητα από 0.0620 σε 0.0862 και συμπιέζει τις υψηλές εντάσεις. Σε σύγκριση με gamma 0.4, ο λογαριθμικός μετασχηματισμός είναι πιο ήπιος."
665_low.png,665,665_high.png,Original low-light,"",0.0340600344791864,0.00036819954737082,0.019188526451263,0,0.501851892073286,99.9991666666667,0,0,1,"Αρχική εικόνα χαμηλού φωτισμού πριν από τους μετασχηματισμούς."
665_low.png,665,665_high.png,Linear stretch,"full range [0,1]",0.0653030736255078,0.00135350644851533,0.0367900319178351,0,0.962197236681864,99.9858333333333,0.000416666666666667,0,1,"Η αντίθεση αυξάνεται επειδή το εύρος εντάσεων απλώνεται στο πλήρες δυναμικό εύρος. Ο θόρυβος στις σκοτεινές περιοχές ενισχύεται μαζί με τη χρήσιμη λεπτομέρεια. Δεν δημιουργείται έντονος κορεσμός στις φωτεινές περιοχές."
665_low.png,665,665_high.png,Gamma correction,"gamma = 0.4",0.237412011295299,0.00638641891614961,0.0799150731473707,0,0.758957590989737,42.8891666666667,0.000416666666666667,0,1,"Η μικρή τιμή gamma δίνει ισχυρή φωτεινότητα στις σκοτεινές περιοχές. Η μέση φωτεινότητα αλλάζει κατά 0.2034. Ο κορεσμός των φωτεινών περιοχών παραμένει περιορισμένος."
665_low.png,665,665_high.png,Gamma correction,"gamma = 0.6",0.122652811345014,0.0026285599408902,0.051269483524707,0,0.661199631715182,99.9729166666667,0,0,1,"Η τιμή gamma φωτίζει τις σκοτεινές περιοχές πιο ήπια. Η μέση φωτεινότητα αλλάζει κατά 0.0886. Ο κορεσμός των φωτεινών περιοχών παραμένει περιορισμένος."
665_low.png,665,665_high.png,Gamma correction,"gamma = 0.8",0.0642602192187715,0.00100406472203561,0.0316869803237167,0,0.576039080958563,99.9929166666667,0,0,1,"Η τιμή gamma φωτίζει τις σκοτεινές περιοχές πιο ήπια. Η μέση φωτεινότητα αλλάζει κατά 0.0302. Ο κορεσμός των φωτεινών περιοχών παραμένει περιορισμένος."
665_low.png,665,665_high.png,Gamma correction,"gamma = 1.2",0.0182293029774977,0.000132367212666968,0.0115050950742255,0,0.437223476864388,99.9995833333333,0,0,0.999999999999999,"Επειδή η gamma είναι μεγαλύτερη από 1, η εικόνα σκοτεινιάζει αντί να βελτιώνεται για χαμηλό φωτισμό. Η μέση φωτεινότητα αλλάζει κατά -0.0158. Ο κορεσμός των φωτεινών περιοχών παραμένει περιορισμένος."
665_low.png,665,665_high.png,Log transform,"log(1+I)/log(2)",0.0480175406113686,0.000714643463392448,0.0267328162263621,0,0.586722752223193,99.9941666666667,0,0,1,"Ανεβάζει τη μέση φωτεινότητα από 0.0341 σε 0.0480 και συμπιέζει τις υψηλές εντάσεις. Σε σύγκριση με gamma 0.4, ο λογαριθμικός μετασχηματισμός είναι πιο ήπιος."
669_low.png,669,669_high.png,Original low-light,"",0.0672875357807946,0.00113257305914704,0.0336537228125959,0,0.214380383103062,100,0,0,0.999999999999999,"Αρχική εικόνα χαμηλού φωτισμού πριν από τους μετασχηματισμούς."
669_low.png,669,669_high.png,Linear stretch,"full range [0,1]",0.241666501747924,0.0146093162410308,0.120869004467774,0,0.769957713961702,59.2091666666667,0.000833333333333333,0,1,"Η αντίθεση αυξάνεται επειδή το εύρος εντάσεων απλώνεται στο πλήρες δυναμικό εύρος. Ο θόρυβος στις σκοτεινές περιοχές ενισχύεται μαζί με τη χρήσιμη λεπτομέρεια. Δεν δημιουργείται έντονος κορεσμός στις φωτεινές περιοχές."
669_low.png,669,669_high.png,Gamma correction,"gamma = 0.4",0.324251104998335,0.00675211337875896,0.0821712442327543,0,0.538971384137847,11.34875,0,0,1,"Η μικρή τιμή gamma δίνει ισχυρή φωτεινότητα στις σκοτεινές περιοχές. Η μέση φωτεινότητα αλλάζει κατά 0.2570. Ο κορεσμός των φωτεινών περιοχών παραμένει περιορισμένος."
669_low.png,669,669_high.png,Gamma correction,"gamma = 0.6",0.190045604603302,0.00407259437646601,0.0638168815946534,0,0.396100071014492,80.7025,0,0,0.999999999999999,"Η τιμή gamma φωτίζει τις σκοτεινές περιοχές πιο ήπια. Η μέση φωτεινότητα αλλάζει κατά 0.1228. Ο κορεσμός των φωτεινών περιοχών παραμένει περιορισμένος."
669_low.png,669,669_high.png,Gamma correction,"gamma = 0.8",0.112555768292043,0.0022133143095952,0.0470458745225892,0,0.291303353955164,99.87875,0,0,0.999999999999999,"Η τιμή gamma φωτίζει τις σκοτεινές περιοχές πιο ήπια. Η μέση φωτεινότητα αλλάζει κατά 0.0453. Ο κορεσμός των φωτεινών περιοχών παραμένει περιορισμένος."
669_low.png,669,669_high.png,Gamma correction,"gamma = 1.2",0.0405696455510032,0.000558659901395443,0.0236359874216298,0,0.157877810922218,100,0,0,0.999999999999999,"Επειδή η gamma είναι μεγαλύτερη από 1, η εικόνα σκοτεινιάζει αντί να βελτιώνεται για χαμηλό φωτισμό. Η μέση φωτεινότητα αλλάζει κατά -0.0267. Ο κορεσμός των φωτεινών περιοχών παραμένει περιορισμένος."
669_low.png,669,669_high.png,Log transform,"log(1+I)/log(2)",0.0931682865050967,0.00204302638955346,0.0451998494417123,0,0.27983361961234,99.9845833333333,0,0,0.999999999999999,"Ανεβάζει τη μέση φωτεινότητα από 0.0673 σε 0.0932 και συμπιέζει τις υψηλές εντάσεις. Σε σύγκριση με gamma 0.4, ο λογαριθμικός μετασχηματισμός είναι πιο ήπιος."
748_low.png,748,748_high.png,Original low-light,"",0.0518469903033934,0.00126297787332468,0.0355383999826199,0,1,99.68875,0.0154166666666667,0.00541666666666667,1,"Αρχική εικόνα χαμηλού φωτισμού πριν από τους μετασχηματισμούς."
748_low.png,748,748_high.png,Linear stretch,"full range [0,1]",0.0518469903033934,0.00126297787332468,0.0355383999826199,0,1,99.68875,0.0154166666666667,0.00541666666666667,1,"Η αντίθεση δεν αυξάνεται έντονα επειδή το αρχικό εύρος ήταν ήδη αρκετά μεγάλο. Ο θόρυβος στις σκοτεινές περιοχές ενισχύεται μαζί με τη χρήσιμη λεπτομέρεια. Δεν δημιουργείται έντονος κορεσμός στις φωτεινές περιοχές."
748_low.png,748,748_high.png,Gamma correction,"gamma = 0.4",0.290995254411341,0.00527611125177767,0.0726368450015395,0,1,23.8783333333333,0.0908333333333333,0.00708333333333333,1,"Η μικρή τιμή gamma δίνει ισχυρή φωτεινότητα στις σκοτεινές περιοχές. Η μέση φωτεινότητα αλλάζει κατά 0.2391. Ο κορεσμός των φωτεινών περιοχών παραμένει περιορισμένος."
748_low.png,748,748_high.png,Gamma correction,"gamma = 0.6",0.161488605518319,0.00344615342663983,0.0587039472832946,0,1,94.2808333333333,0.03625,0.00666666666666667,1,"Η τιμή gamma φωτίζει τις σκοτεινές περιοχές πιο ήπια. Η μέση φωτεινότητα αλλάζει κατά 0.1096. Ο κορεσμός των φωτεινών περιοχών παραμένει περιορισμένος."
748_low.png,748,748_high.png,Gamma correction,"gamma = 0.8",0.0908668384140964,0.00206666772700417,0.0454606173187758,0,1,99.5833333333333,0.0216666666666667,0.00625,1,"Η τιμή gamma φωτίζει τις σκοτεινές περιοχές πιο ήπια. Η μέση φωτεινότητα αλλάζει κατά 0.0390. Ο κορεσμός των φωτεινών περιοχών παραμένει περιορισμένος."
748_low.png,748,748_high.png,Gamma correction,"gamma = 1.2",0.0300290860729885,0.000831881983772723,0.0288423643928982,0,1,99.7495833333333,0.0133333333333333,0.00416666666666667,1,"Επειδή η gamma είναι μεγαλύτερη από 1, η εικόνα σκοτεινιάζει αντί να βελτιώνεται για χαμηλό φωτισμό. Η μέση φωτεινότητα αλλάζει κατά -0.0218. Ο κορεσμός των φωτεινών περιοχών παραμένει περιορισμένος."
748_low.png,748,748_high.png,Log transform,"log(1+I)/log(2)",0.0720919249222983,0.0019442788874879,0.0440939779050144,0,1,99.6083333333333,0.0233333333333333,0.00666666666666667,1,"Ανεβάζει τη μέση φωτεινότητα από 0.0518 σε 0.0721 και συμπιέζει τις υψηλές εντάσεις. Σε σύγκριση με gamma 0.4, ο λογαριθμικός μετασχηματισμός είναι πιο ήπιος."
778_low.png,778,778_high.png,Original low-light,"",0.0300412756751427,0.000901941279406528,0.030032337228503,0,0.829543076638991,99.9483333333333,0.00333333333333333,0,1,"Αρχική εικόνα χαμηλού φωτισμού πριν από τους μετασχηματισμούς."
778_low.png,778,778_high.png,Linear stretch,"full range [0,1]",0.0328777909749415,0.00108030598635837,0.0328680085547994,0,0.907869032373144,99.9354166666667,0.00625,0,1,"Η αντίθεση αυξάνεται επειδή το εύρος εντάσεων απλώνεται στο πλήρες δυναμικό εύρος. Ο θόρυβος στις σκοτεινές περιοχές ενισχύεται μαζί με τη χρήσιμη λεπτομέρεια. Δεν δημιουργείται έντονος κορεσμός στις φωτεινές περιοχές."
778_low.png,778,778_high.png,Gamma correction,"gamma = 0.4",0.201786590848214,0.0120354791280908,0.10970633130358,0,0.9267025886078,62.3370833333333,0.0154166666666667,0,1,"Η μικρή τιμή gamma δίνει ισχυρή φωτεινότητα στις σκοτεινές περιοχές. Η μέση φωτεινότητα αλλάζει κατά 0.1717. Ο κορεσμός των φωτεινών περιοχών παραμένει περιορισμένος."
778_low.png,778,778_high.png,Gamma correction,"gamma = 0.6",0.10392005929937,0.00515405253746285,0.0717917302860354,0,0.892720906599588,98.4145833333333,0.00833333333333333,0,1,"Η τιμή gamma φωτίζει τις σκοτεινές περιοχές πιο ήπια. Η μέση φωτεινότητα αλλάζει κατά 0.0739. Ο κορεσμός των φωτεινών περιοχών παραμένει περιορισμένος."
778_low.png,778,778_high.png,Gamma correction,"gamma = 0.8",0.055157291809058,0.00214822044775371,0.046348899099695,0,0.860368150252939,99.87875,0.00625,0,1,"Η τιμή gamma φωτίζει τις σκοτεινές περιοχές πιο ήπια. Η μέση φωτεινότητα αλλάζει κατά 0.0251. Ο κορεσμός των φωτεινών περιοχών παραμένει περιορισμένος."
778_low.png,778,778_high.png,Gamma correction,"gamma = 1.2",0.0167292355402411,0.0003962774376993,0.0199067184060884,0,0.800152051765568,99.9683333333333,0.00166666666666667,0,1,"Επειδή η gamma είναι μεγαλύτερη από 1, η εικόνα σκοτεινιάζει αντί να βελτιώνεται για χαμηλό φωτισμό. Η μέση φωτεινότητα αλλάζει κατά -0.0133. Ο κορεσμός των φωτεινών περιοχών παραμένει περιορισμένος."
778_low.png,778,778_high.png,Log transform,"log(1+I)/log(2)",0.042033612662527,0.00165689331707076,0.0407049544536136,0,0.869866163593095,99.90375,0.00625,0,1,"Ανεβάζει τη μέση φωτεινότητα από 0.0300 σε 0.0420 και συμπιέζει τις υψηλές εντάσεις. Σε σύγκριση με gamma 0.4, ο λογαριθμικός μετασχηματισμός είναι πιο ήπιος."
780_low.png,780,780_high.png,Original low-light,"",0.0412207582219927,0.00299263299548136,0.0547049631704598,0,0.587104720650072,98.6308333333333,0,0,1,"Αρχική εικόνα χαμηλού φωτισμού πριν από τους μετασχηματισμούς."
780_low.png,780,780_high.png,Linear stretch,"full range [0,1]",0.0661087631862146,0.00769732053839545,0.0877343748960204,0,0.941583042552003,97.2266666666667,0.51875,0,1,"Η αντίθεση αυξάνεται επειδή το εύρος εντάσεων απλώνεται στο πλήρες δυναμικό εύρος. Ο θόρυβος στις σκοτεινές περιοχές ενισχύεται μαζί με τη χρήσιμη λεπτομέρεια. Δεν δημιουργείται έντονος κορεσμός στις φωτεινές περιοχές."
780_low.png,780,780_high.png,Gamma correction,"gamma = 0.4",0.237429657173839,0.0108625264879794,0.104223445001494,0,0.808027777744671,61.6966666666667,0.51,0,1,"Η μικρή τιμή gamma δίνει ισχυρή φωτεινότητα στις σκοτεινές περιοχές. Η μέση φωτεινότητα αλλάζει κατά 0.1962. Ο κορεσμός των φωτεινών περιοχών παραμένει περιορισμένος."
780_low.png,780,780_high.png,Gamma correction,"gamma = 0.6",0.128072970109674,0.00709759690228688,0.0842472367635098,0,0.726389453012009,95.1979166666667,0,0,1,"Η τιμή gamma φωτίζει τις σκοτεινές περιοχές πιο ήπια. Η μέση φωτεινότητα αλλάζει κατά 0.0869. Ο κορεσμός των φωτεινών περιοχών παραμένει περιορισμένος."
780_low.png,780,780_high.png,Gamma correction,"gamma = 0.8",0.0713987147276796,0.00455711438348432,0.0675064025369766,0,0.653029296686392,97.6575,0,0,1,"Η τιμή gamma φωτίζει τις σκοτεινές περιοχές πιο ήπια. Η μέση φωτεινότητα αλλάζει κατά 0.0302. Ο κορεσμός των φωτεινών περιοχών παραμένει περιορισμένος."
780_low.png,780,780_high.png,Gamma correction,"gamma = 1.2",0.0247091156386594,0.00203347474467009,0.0450940655149886,0,0.527859235355213,99.0091666666667,0,0,1,"Επειδή η gamma είναι μεγαλύτερη από 1, η εικόνα σκοτεινιάζει αντί να βελτιώνεται για χαμηλό φωτισμό. Η μέση φωτεινότητα αλλάζει κατά -0.0165. Ο κορεσμός των φωτεινών περιοχών παραμένει περιορισμένος."
780_low.png,780,780_high.png,Log transform,"log(1+I)/log(2)",0.0564983852811033,0.00451685313877816,0.067207537812199,0,0.666284814498557,97.86375,0,0,1,"Ανεβάζει τη μέση φωτεινότητα από 0.0412 σε 0.0565 και συμπιέζει τις υψηλές εντάσεις. Σε σύγκριση με gamma 0.4, ο λογαριθμικός μετασχηματισμός είναι πιο ήπιος."
