Image,ImageNumber,HighReferenceImage,Pipeline,Parameter,MSEToHigh,PSNRToHigh,MeanBrightness,StdContrast,MichelsonContrast,EntropyValue,Comment
1_low.png,1,1_high.png,Original low-light,"",0.189699939724038,7.21932807105654,0.0966222409649935,0.0913545772505507,0.999999999999999,5.47584564857042,"Αρχική low-light εικόνα για βάση σύγκρισης. Το PSNR είναι χαμηλό (7.22 dB), άρα το αποτέλεσμα απέχει αρκετά από τη φωτεινή αναφορά. Μέση φωτεινότητα 0.0966, τυπική απόκλιση 0.0914, Michelson 1.0000, entropy 5.4758. Η αντίθεση είναι υψηλή και μπορεί να κάνει ορατές περισσότερες λεπτομέρειες."
1_low.png,1,1_high.png,Pipeline 1 - Gamma + stretch,"gamma=0.6, full range stretch",0.0257706741210646,15.8887422082708,0.351004134484726,0.213899520979196,1,7.04874657328847,"Το PSNR είναι μέτριο (15.89 dB), άρα υπάρχει βελτίωση αλλά και διαφορά από τη φωτεινή αναφορά. Μέση φωτεινότητα 0.3510, τυπική απόκλιση 0.2139, Michelson 1.0000, entropy 7.0487. Η αντίθεση είναι υψηλή και μπορεί να κάνει ορατές περισσότερες λεπτομέρειες."
1_low.png,1,1_high.png,Pipeline 2 - Median + CLAHE + unsharp,"median 3x3, CLAHE 8x8 clip 0.01, unsharp k=0.8",0.118340788286557,9.26865542145694,0.185709538639748,0.128704892562296,1,6.77553029564907,"Το PSNR είναι χαμηλό (9.27 dB), άρα το αποτέλεσμα απέχει αρκετά από τη φωτεινή αναφορά. Μέση φωτεινότητα 0.1857, τυπική απόκλιση 0.1287, Michelson 1.0000, entropy 6.7755. Η αντίθεση είναι υψηλή και μπορεί να κάνει ορατές περισσότερες λεπτομέρειες."
1_low.png,1,1_high.png,Pipeline 3 - Retinex sigma 15,"sigma=15",0.061392489192191,12.1188475755443,0.562251779332998,0.145485041292989,1,7.00162803626321,"Το PSNR είναι χαμηλό (12.12 dB), άρα το αποτέλεσμα απέχει αρκετά από τη φωτεινή αναφορά. Μέση φωτεινότητα 0.5623, τυπική απόκλιση 0.1455, Michelson 1.0000, entropy 7.0016. Η αντίθεση είναι υψηλή και μπορεί να κάνει ορατές περισσότερες λεπτομέρειες."
1_low.png,1,1_high.png,Pipeline 3 - Retinex sigma 30,"sigma=30",0.0554932225212525,12.557600547396,0.549769890696366,0.147935726880979,1,7.05018481012101,"Το PSNR είναι χαμηλό (12.56 dB), άρα το αποτέλεσμα απέχει αρκετά από τη φωτεινή αναφορά. Μέση φωτεινότητα 0.5498, τυπική απόκλιση 0.1479, Michelson 1.0000, entropy 7.0502. Η αντίθεση είναι υψηλή και μπορεί να κάνει ορατές περισσότερες λεπτομέρειες."
1_low.png,1,1_high.png,Pipeline 3 - Retinex sigma 60,"sigma=60",0.0475907550514759,13.2247740484427,0.536718820755045,0.152153303504568,1,7.12695436867393,"Το PSNR είναι χαμηλό (13.22 dB), άρα το αποτέλεσμα απέχει αρκετά από τη φωτεινή αναφορά. Μέση φωτεινότητα 0.5367, τυπική απόκλιση 0.1522, Michelson 1.0000, entropy 7.1270. Η αντίθεση είναι υψηλή και μπορεί να κάνει ορατές περισσότερες λεπτομέρειες."
22_low.png,22,22_high.png,Original low-light,"",0.245068791298219,6.1071199119569,0.0759661094867342,0.0508138823120813,0.999999999999999,5.20647328645881,"Αρχική low-light εικόνα για βάση σύγκρισης. Το PSNR είναι χαμηλό (6.11 dB), άρα το αποτέλεσμα απέχει αρκετά από τη φωτεινή αναφορά. Μέση φωτεινότητα 0.0760, τυπική απόκλιση 0.0508, Michelson 1.0000, entropy 5.2065. Η αντίθεση είναι υψηλή και μπορεί να κάνει ορατές περισσότερες λεπτομέρειες."
22_low.png,22,22_high.png,Pipeline 1 - Gamma + stretch,"gamma=0.6, full range stretch",0.0215423403178266,16.6670711756975,0.399243229751466,0.198842023533987,1,7.16727741209543,"Το PSNR είναι μέτριο (16.67 dB), άρα υπάρχει βελτίωση αλλά και διαφορά από τη φωτεινή αναφορά. Μέση φωτεινότητα 0.3992, τυπική απόκλιση 0.1988, Michelson 1.0000, entropy 7.1673. Η αντίθεση είναι υψηλή και μπορεί να κάνει ορατές περισσότερες λεπτομέρειες."
22_low.png,22,22_high.png,Pipeline 2 - Median + CLAHE + unsharp,"median 3x3, CLAHE 8x8 clip 0.01, unsharp k=0.8",0.149266923213294,8.26036419049526,0.176290141226876,0.109185527340446,1,6.58739251150074,"Το PSNR είναι χαμηλό (8.26 dB), άρα το αποτέλεσμα απέχει αρκετά από τη φωτεινή αναφορά. Μέση φωτεινότητα 0.1763, τυπική απόκλιση 0.1092, Michelson 1.0000, entropy 6.5874. Η αντίθεση είναι υψηλή και μπορεί να κάνει ορατές περισσότερες λεπτομέρειες."
22_low.png,22,22_high.png,Pipeline 3 - Retinex sigma 15,"sigma=15",0.0516405341321714,12.8700927435575,0.683813616889846,0.174713385687089,1,6.94022087598884,"Το PSNR είναι χαμηλό (12.87 dB), άρα το αποτέλεσμα απέχει αρκετά από τη φωτεινή αναφορά. Μέση φωτεινότητα 0.6838, τυπική απόκλιση 0.1747, Michelson 1.0000, entropy 6.9402. Η αντίθεση είναι υψηλή και μπορεί να κάνει ορατές περισσότερες λεπτομέρειες."
22_low.png,22,22_high.png,Pipeline 3 - Retinex sigma 30,"sigma=30",0.0482670679439532,13.1634908225522,0.681900173403264,0.182359438418797,1,7.02128186969372,"Το PSNR είναι χαμηλό (13.16 dB), άρα το αποτέλεσμα απέχει αρκετά από τη φωτεινή αναφορά. Μέση φωτεινότητα 0.6819, τυπική απόκλιση 0.1824, Michelson 1.0000, entropy 7.0213. Η αντίθεση είναι υψηλή και μπορεί να κάνει ορατές περισσότερες λεπτομέρειες."
22_low.png,22,22_high.png,Pipeline 3 - Retinex sigma 60,"sigma=60",0.0508998205818275,12.9328374851706,0.699694406492712,0.192454423938582,1,7.11928092805915,"Το PSNR είναι χαμηλό (12.93 dB), άρα το αποτέλεσμα απέχει αρκετά από τη φωτεινή αναφορά. Μέση φωτεινότητα 0.6997, τυπική απόκλιση 0.1925, Michelson 1.0000, entropy 7.1193. Η αντίθεση είναι υψηλή και μπορεί να κάνει ορατές περισσότερες λεπτομέρειες."
23_low.png,23,23_high.png,Original low-light,"",0.343047592464437,4.64645624240438,0.0376908221657444,0.0292938127224994,0.999999999999999,4.35634533111986,"Αρχική low-light εικόνα για βάση σύγκρισης. Το PSNR είναι χαμηλό (4.65 dB), άρα το αποτέλεσμα απέχει αρκετά από τη φωτεινή αναφορά. Μέση φωτεινότητα 0.0377, τυπική απόκλιση 0.0293, Michelson 1.0000, entropy 4.3563. Η αντίθεση είναι υψηλή και μπορεί να κάνει ορατές περισσότερες λεπτομέρειες."
23_low.png,23,23_high.png,Pipeline 1 - Gamma + stretch,"gamma=0.6, full range stretch",0.108004292857448,9.66558982223705,0.274319260733416,0.16491652426931,1,6.69385105423373,"Το PSNR είναι χαμηλό (9.67 dB), άρα το αποτέλεσμα απέχει αρκετά από τη φωτεινή αναφορά. Μέση φωτεινότητα 0.2743, τυπική απόκλιση 0.1649, Michelson 1.0000, entropy 6.6939. Η αντίθεση είναι υψηλή και μπορεί να κάνει ορατές περισσότερες λεπτομέρειες."
23_low.png,23,23_high.png,Pipeline 2 - Median + CLAHE + unsharp,"median 3x3, CLAHE 8x8 clip 0.01, unsharp k=0.8",0.261705116536376,5.82187786485864,0.105842119344244,0.0743342965142692,1,5.80944940689215,"Το PSNR είναι χαμηλό (5.82 dB), άρα το αποτέλεσμα απέχει αρκετά από τη φωτεινή αναφορά. Μέση φωτεινότητα 0.1058, τυπική απόκλιση 0.0743, Michelson 1.0000, entropy 5.8094. Η αντίθεση είναι υψηλή και μπορεί να κάνει ορατές περισσότερες λεπτομέρειες."
23_low.png,23,23_high.png,Pipeline 3 - Retinex sigma 15,"sigma=15",0.0481307018881627,13.1757780497684,0.609043651926624,0.192902749592777,1,7.17672760114195,"Το PSNR είναι χαμηλό (13.18 dB), άρα το αποτέλεσμα απέχει αρκετά από τη φωτεινή αναφορά. Μέση φωτεινότητα 0.6090, τυπική απόκλιση 0.1929, Michelson 1.0000, entropy 7.1767. Η αντίθεση είναι υψηλή και μπορεί να κάνει ορατές περισσότερες λεπτομέρειες."
23_low.png,23,23_high.png,Pipeline 3 - Retinex sigma 30,"sigma=30",0.0467361404374386,13.3034715535698,0.626028369076992,0.19873729968028,1,7.23988143000238,"Το PSNR είναι χαμηλό (13.30 dB), άρα το αποτέλεσμα απέχει αρκετά από τη φωτεινή αναφορά. Μέση φωτεινότητα 0.6260, τυπική απόκλιση 0.1987, Michelson 1.0000, entropy 7.2399. Η αντίθεση είναι υψηλή και μπορεί να κάνει ορατές περισσότερες λεπτομέρειες."
23_low.png,23,23_high.png,Pipeline 3 - Retinex sigma 60,"sigma=60",0.0459418273740869,13.3779173437611,0.647821816287543,0.210859126944546,1,7.35724573403521,"Το PSNR είναι χαμηλό (13.38 dB), άρα το αποτέλεσμα απέχει αρκετά από τη φωτεινή αναφορά. Μέση φωτεινότητα 0.6478, τυπική απόκλιση 0.2109, Michelson 1.0000, entropy 7.3572. Η αντίθεση είναι υψηλή και μπορεί να κάνει ορατές περισσότερες λεπτομέρειες."
55_low.png,55,55_high.png,Original low-light,"",0.353085084945962,4.52120627558615,0.038170383408303,0.0318249731461922,0.999999999999998,4.61568692638885,"Αρχική low-light εικόνα για βάση σύγκρισης. Το PSNR είναι χαμηλό (4.52 dB), άρα το αποτέλεσμα απέχει αρκετά από τη φωτεινή αναφορά. Μέση φωτεινότητα 0.0382, τυπική απόκλιση 0.0318, Michelson 1.0000, entropy 4.6157. Η αντίθεση είναι υψηλή και μπορεί να κάνει ορατές περισσότερες λεπτομέρειες."
55_low.png,55,55_high.png,Pipeline 1 - Gamma + stretch,"gamma=0.6, full range stretch",0.10904947723098,9.62376412031589,0.283996638953582,0.178888009683134,1,6.94240320198054,"Το PSNR είναι χαμηλό (9.62 dB), άρα το αποτέλεσμα απέχει αρκετά από τη φωτεινή αναφορά. Μέση φωτεινότητα 0.2840, τυπική απόκλιση 0.1789, Michelson 1.0000, entropy 6.9424. Η αντίθεση είναι υψηλή και μπορεί να κάνει ορατές περισσότερες λεπτομέρειες."
55_low.png,55,55_high.png,Pipeline 2 - Median + CLAHE + unsharp,"median 3x3, CLAHE 8x8 clip 0.01, unsharp k=0.8",0.263809389828699,5.7870975057049,0.112340132312759,0.0843738136723823,0.999999999999999,6.02817344968188,"Το PSNR είναι χαμηλό (5.79 dB), άρα το αποτέλεσμα απέχει αρκετά από τη φωτεινή αναφορά. Μέση φωτεινότητα 0.1123, τυπική απόκλιση 0.0844, Michelson 1.0000, entropy 6.0282. Η αντίθεση είναι υψηλή και μπορεί να κάνει ορατές περισσότερες λεπτομέρειες."
55_low.png,55,55_high.png,Pipeline 3 - Retinex sigma 15,"sigma=15",0.0415719159938485,13.8119995898235,0.635532962219339,0.216237063401832,1,7.33976792562254,"Το PSNR είναι χαμηλό (13.81 dB), άρα το αποτέλεσμα απέχει αρκετά από τη φωτεινή αναφορά. Μέση φωτεινότητα 0.6355, τυπική απόκλιση 0.2162, Michelson 1.0000, entropy 7.3398. Η αντίθεση είναι υψηλή και μπορεί να κάνει ορατές περισσότερες λεπτομέρειες."
55_low.png,55,55_high.png,Pipeline 3 - Retinex sigma 30,"sigma=30",0.0341186009440813,14.6700878567341,0.623174209156115,0.231149929249437,1,7.50230705180372,"Το PSNR είναι χαμηλό (14.67 dB), άρα το αποτέλεσμα απέχει αρκετά από τη φωτεινή αναφορά. Μέση φωτεινότητα 0.6232, τυπική απόκλιση 0.2311, Michelson 1.0000, entropy 7.5023. Η αντίθεση είναι υψηλή και μπορεί να κάνει ορατές περισσότερες λεπτομέρειες."
55_low.png,55,55_high.png,Pipeline 3 - Retinex sigma 60,"sigma=60",0.0291351808065274,15.3558228242938,0.620984202241752,0.252236036647338,1,7.66165889740705,"Το PSNR είναι μέτριο (15.36 dB), άρα υπάρχει βελτίωση αλλά και διαφορά από τη φωτεινή αναφορά. Μέση φωτεινότητα 0.6210, τυπική απόκλιση 0.2522, Michelson 1.0000, entropy 7.6617. Η αντίθεση είναι υψηλή και μπορεί να κάνει ορατές περισσότερες λεπτομέρειες."
79_low.png,79,79_high.png,Original low-light,"",0.309750106283909,5.08988535933312,0.0872326975731605,0.0401631585401842,1,5.15941354108438,"Αρχική low-light εικόνα για βάση σύγκρισης. Το PSNR είναι χαμηλό (5.09 dB), άρα το αποτέλεσμα απέχει αρκετά από τη φωτεινή αναφορά. Μέση φωτεινότητα 0.0872, τυπική απόκλιση 0.0402, Michelson 1.0000, entropy 5.1594. Η αντίθεση είναι υψηλή και μπορεί να κάνει ορατές περισσότερες λεπτομέρειες."
79_low.png,79,79_high.png,Pipeline 1 - Gamma + stretch,"gamma=0.6, full range stretch",0.174089451129907,7.59227543959465,0.224723452639442,0.066406158616839,1,5.90365920169783,"Το PSNR είναι χαμηλό (7.59 dB), άρα το αποτέλεσμα απέχει αρκετά από τη φωτεινή αναφορά. Μέση φωτεινότητα 0.2247, τυπική απόκλιση 0.0664, Michelson 1.0000, entropy 5.9037. Η αντίθεση είναι υψηλή και μπορεί να κάνει ορατές περισσότερες λεπτομέρειες."
79_low.png,79,79_high.png,Pipeline 2 - Median + CLAHE + unsharp,"median 3x3, CLAHE 8x8 clip 0.01, unsharp k=0.8",0.199413891387927,7.00244591545993,0.190274363978335,0.103273399661782,1,6.52810025975849,"Το PSNR είναι χαμηλό (7.00 dB), άρα το αποτέλεσμα απέχει αρκετά από τη φωτεινή αναφορά. Μέση φωτεινότητα 0.1903, τυπική απόκλιση 0.1033, Michelson 1.0000, entropy 6.5281. Η αντίθεση είναι υψηλή και μπορεί να κάνει ορατές περισσότερες λεπτομέρειες."
79_low.png,79,79_high.png,Pipeline 3 - Retinex sigma 15,"sigma=15",0.0156775749498056,18.0472111431538,0.680876959482183,0.158837898593012,1,7.0779582576273,"Το PSNR είναι μέτριο (18.05 dB), άρα υπάρχει βελτίωση αλλά και διαφορά από τη φωτεινή αναφορά. Μέση φωτεινότητα 0.6809, τυπική απόκλιση 0.1588, Michelson 1.0000, entropy 7.0780. Η αντίθεση είναι υψηλή και μπορεί να κάνει ορατές περισσότερες λεπτομέρειες."
79_low.png,79,79_high.png,Pipeline 3 - Retinex sigma 30,"sigma=30",0.00972229962834807,20.1223099867672,0.661026951413371,0.173743081456238,1,7.28924074091589,"Το PSNR είναι σχετικά καλό (20.12 dB), άρα το αποτέλεσμα βρίσκεται κοντά στη φωτεινή εικόνα αναφοράς. Μέση φωτεινότητα 0.6610, τυπική απόκλιση 0.1737, Michelson 1.0000, entropy 7.2892. Η αντίθεση είναι υψηλή και μπορεί να κάνει ορατές περισσότερες λεπτομέρειες."
79_low.png,79,79_high.png,Pipeline 3 - Retinex sigma 60,"sigma=60",0.00779266532103037,21.0831397541626,0.6627704416822,0.194460482893857,1,7.4133594719394,"Το PSNR είναι σχετικά καλό (21.08 dB), άρα το αποτέλεσμα βρίσκεται κοντά στη φωτεινή εικόνα αναφοράς. Μέση φωτεινότητα 0.6628, τυπική απόκλιση 0.1945, Michelson 1.0000, entropy 7.4134. Η αντίθεση είναι υψηλή και μπορεί να κάνει ορατές περισσότερες λεπτομέρειες."
111_low.png,111,111_high.png,Original low-light,"",0.274648276581657,5.61223121832591,0.0756839856960276,0.0421421421042066,1,5.10816712078858,"Αρχική low-light εικόνα για βάση σύγκρισης. Το PSNR είναι χαμηλό (5.61 dB), άρα το αποτέλεσμα απέχει αρκετά από τη φωτεινή αναφορά. Μέση φωτεινότητα 0.0757, τυπική απόκλιση 0.0421, Michelson 1.0000, entropy 5.1082. Η αντίθεση είναι υψηλή και μπορεί να κάνει ορατές περισσότερες λεπτομέρειες."
111_low.png,111,111_high.png,Pipeline 1 - Gamma + stretch,"gamma=0.6, full range stretch",0.0992618211371698,10.032177611499,0.276589604036178,0.0984807583318424,1,6.42572996597525,"Το PSNR είναι χαμηλό (10.03 dB), άρα το αποτέλεσμα απέχει αρκετά από τη φωτεινή αναφορά. Μέση φωτεινότητα 0.2766, τυπική απόκλιση 0.0985, Michelson 1.0000, entropy 6.4257. Η αντίθεση είναι υψηλή και μπορεί να κάνει ορατές περισσότερες λεπτομέρειες."
111_low.png,111,111_high.png,Pipeline 2 - Median + CLAHE + unsharp,"median 3x3, CLAHE 8x8 clip 0.01, unsharp k=0.8",0.181178854521765,7.418924904362,0.168676466246616,0.0931240211889768,1,6.4887702152123,"Το PSNR είναι χαμηλό (7.42 dB), άρα το αποτέλεσμα απέχει αρκετά από τη φωτεινή αναφορά. Μέση φωτεινότητα 0.1687, τυπική απόκλιση 0.0931, Michelson 1.0000, entropy 6.4888. Η αντίθεση είναι υψηλή και μπορεί να κάνει ορατές περισσότερες λεπτομέρειες."
111_low.png,111,111_high.png,Pipeline 3 - Retinex sigma 15,"sigma=15",0.018245214746465,17.3885102061636,0.608373875914683,0.174070393250109,1,7.01240610256894,"Το PSNR είναι μέτριο (17.39 dB), άρα υπάρχει βελτίωση αλλά και διαφορά από τη φωτεινή αναφορά. Μέση φωτεινότητα 0.6084, τυπική απόκλιση 0.1741, Michelson 1.0000, entropy 7.0124. Η αντίθεση είναι υψηλή και μπορεί να κάνει ορατές περισσότερες λεπτομέρειες."
111_low.png,111,111_high.png,Pipeline 3 - Retinex sigma 30,"sigma=30",0.0181463479858174,17.412107650739,0.631278427280985,0.194807881410621,1,7.21495085288425,"Το PSNR είναι μέτριο (17.41 dB), άρα υπάρχει βελτίωση αλλά και διαφορά από τη φωτεινή αναφορά. Μέση φωτεινότητα 0.6313, τυπική απόκλιση 0.1948, Michelson 1.0000, entropy 7.2150. Η αντίθεση είναι υψηλή και μπορεί να κάνει ορατές περισσότερες λεπτομέρειες."
111_low.png,111,111_high.png,Pipeline 3 - Retinex sigma 60,"sigma=60",0.0131201336451792,18.8206174109845,0.608104397639764,0.208502599063501,1,7.33458823640837,"Το PSNR είναι μέτριο (18.82 dB), άρα υπάρχει βελτίωση αλλά και διαφορά από τη φωτεινή αναφορά. Μέση φωτεινότητα 0.6081, τυπική απόκλιση 0.2085, Michelson 1.0000, entropy 7.3346. Η αντίθεση είναι υψηλή και μπορεί να κάνει ορατές περισσότερες λεπτομέρειες."
146_low.png,146,146_high.png,Original low-light,"",0.217292727668845,6.62954808360295,0.0955567379883775,0.0499455418592473,0.999999999999999,5.00997605716693,"Αρχική low-light εικόνα για βάση σύγκρισης. Το PSNR είναι χαμηλό (6.63 dB), άρα το αποτέλεσμα απέχει αρκετά από τη φωτεινή αναφορά. Μέση φωτεινότητα 0.0956, τυπική απόκλιση 0.0499, Michelson 1.0000, entropy 5.0100. Η αντίθεση είναι υψηλή και μπορεί να κάνει ορατές περισσότερες λεπτομέρειες."
146_low.png,146,146_high.png,Pipeline 1 - Gamma + stretch,"gamma=0.6, full range stretch",0.0781435219146487,11.07107019095,0.272624043142794,0.111530911241842,1,6.03450070103741,"Το PSNR είναι χαμηλό (11.07 dB), άρα το αποτέλεσμα απέχει αρκετά από τη φωτεινή αναφορά. Μέση φωτεινότητα 0.2726, τυπική απόκλιση 0.1115, Michelson 1.0000, entropy 6.0345. Η αντίθεση είναι υψηλή και μπορεί να κάνει ορατές περισσότερες λεπτομέρειες."
146_low.png,146,146_high.png,Pipeline 2 - Median + CLAHE + unsharp,"median 3x3, CLAHE 8x8 clip 0.01, unsharp k=0.8",0.138796460528002,8.57621608756937,0.187916241859892,0.100270819416941,1,6.43155389341644,"Το PSNR είναι χαμηλό (8.58 dB), άρα το αποτέλεσμα απέχει αρκετά από τη φωτεινή αναφορά. Μέση φωτεινότητα 0.1879, τυπική απόκλιση 0.1003, Michelson 1.0000, entropy 6.4316. Η αντίθεση είναι υψηλή και μπορεί να κάνει ορατές περισσότερες λεπτομέρειες."
146_low.png,146,146_high.png,Pipeline 3 - Retinex sigma 15,"sigma=15",0.0239039357084882,16.2153058793223,0.628537548519208,0.202917711179591,1,6.6482223116997,"Το PSNR είναι μέτριο (16.22 dB), άρα υπάρχει βελτίωση αλλά και διαφορά από τη φωτεινή αναφορά. Μέση φωτεινότητα 0.6285, τυπική απόκλιση 0.2029, Michelson 1.0000, entropy 6.6482. Η αντίθεση είναι υψηλή και μπορεί να κάνει ορατές περισσότερες λεπτομέρειες."
146_low.png,146,146_high.png,Pipeline 3 - Retinex sigma 30,"sigma=30",0.0157416225810586,18.0295050439873,0.608941823412223,0.206020151304336,1,6.59416598608037,"Το PSNR είναι μέτριο (18.03 dB), άρα υπάρχει βελτίωση αλλά και διαφορά από τη φωτεινή αναφορά. Μέση φωτεινότητα 0.6089, τυπική απόκλιση 0.2060, Michelson 1.0000, entropy 6.5942. Η αντίθεση είναι υψηλή και μπορεί να κάνει ορατές περισσότερες λεπτομέρειες."
146_low.png,146,146_high.png,Pipeline 3 - Retinex sigma 60,"sigma=60",0.0105421931094878,19.7706903274098,0.57973266742695,0.19989462106758,1,6.62325088070857,"Το PSNR είναι μέτριο (19.77 dB), άρα υπάρχει βελτίωση αλλά και διαφορά από τη φωτεινή αναφορά. Μέση φωτεινότητα 0.5797, τυπική απόκλιση 0.1999, Michelson 1.0000, entropy 6.6233. Η αντίθεση είναι υψηλή και μπορεί να κάνει ορατές περισσότερες λεπτομέρειες."
179_low.png,179,179_high.png,Original low-light,"",0.057846910290914,12.3771983255391,0.0780549838287873,0.0289184313946062,1,4.74940782837157,"Αρχική low-light εικόνα για βάση σύγκρισης. Το PSNR είναι χαμηλό (12.38 dB), άρα το αποτέλεσμα απέχει αρκετά από τη φωτεινή αναφορά. Μέση φωτεινότητα 0.0781, τυπική απόκλιση 0.0289, Michelson 1.0000, entropy 4.7494. Η αντίθεση είναι υψηλή και μπορεί να κάνει ορατές περισσότερες λεπτομέρειες."
179_low.png,179,179_high.png,Pipeline 1 - Gamma + stretch,"gamma=0.6, full range stretch",0.00585880533128283,22.3219093192152,0.283151153618046,0.0731147836180815,1,6.07496699624206,"Το PSNR είναι σχετικά καλό (22.32 dB), άρα το αποτέλεσμα βρίσκεται κοντά στη φωτεινή εικόνα αναφοράς. Μέση φωτεινότητα 0.2832, τυπική απόκλιση 0.0731, Michelson 1.0000, entropy 6.0750. Η αντίθεση είναι υψηλή και μπορεί να κάνει ορατές περισσότερες λεπτομέρειες."
179_low.png,179,179_high.png,Pipeline 2 - Median + CLAHE + unsharp,"median 3x3, CLAHE 8x8 clip 0.01, unsharp k=0.8",0.0222234252851467,16.5318900265023,0.160798818346134,0.0801049444573218,1,6.2437376220018,"Το PSNR είναι μέτριο (16.53 dB), άρα υπάρχει βελτίωση αλλά και διαφορά από τη φωτεινή αναφορά. Μέση φωτεινότητα 0.1608, τυπική απόκλιση 0.0801, Michelson 1.0000, entropy 6.2437. Η αντίθεση είναι υψηλή και μπορεί να κάνει ορατές περισσότερες λεπτομέρειες."
179_low.png,179,179_high.png,Pipeline 3 - Retinex sigma 15,"sigma=15",0.0564291322568244,12.4849662807429,0.482571201861325,0.139854843016035,1,6.85992338241662,"Το PSNR είναι χαμηλό (12.48 dB), άρα το αποτέλεσμα απέχει αρκετά από τη φωτεινή αναφορά. Μέση φωτεινότητα 0.4826, τυπική απόκλιση 0.1399, Michelson 1.0000, entropy 6.8599. Η αντίθεση είναι υψηλή και μπορεί να κάνει ορατές περισσότερες λεπτομέρειες."
179_low.png,179,179_high.png,Pipeline 3 - Retinex sigma 30,"sigma=30",0.0552604503396131,12.5758558016486,0.481991316059662,0.142122674948961,1,6.89396164656063,"Το PSNR είναι χαμηλό (12.58 dB), άρα το αποτέλεσμα απέχει αρκετά από τη φωτεινή αναφορά. Μέση φωτεινότητα 0.4820, τυπική απόκλιση 0.1421, Michelson 1.0000, entropy 6.8940. Η αντίθεση είναι υψηλή και μπορεί να κάνει ορατές περισσότερες λεπτομέρειες."
179_low.png,179,179_high.png,Pipeline 3 - Retinex sigma 60,"sigma=60",0.0547549203725064,12.6157684827573,0.482235489060848,0.143957724563975,1,6.92994951063874,"Το PSNR είναι χαμηλό (12.62 dB), άρα το αποτέλεσμα απέχει αρκετά από τη φωτεινή αναφορά. Μέση φωτεινότητα 0.4822, τυπική απόκλιση 0.1440, Michelson 1.0000, entropy 6.9299. Η αντίθεση είναι υψηλή και μπορεί να κάνει ορατές περισσότερες λεπτομέρειες."
493_low.png,493,493_high.png,Original low-light,"",0.0814421402879234,10.8915082165981,0.0251649663566211,0.0246007631349398,0.999999999999998,4.06550507976144,"Αρχική low-light εικόνα για βάση σύγκρισης. Το PSNR είναι χαμηλό (10.89 dB), άρα το αποτέλεσμα απέχει αρκετά από τη φωτεινή αναφορά. Μέση φωτεινότητα 0.0252, τυπική απόκλιση 0.0246, Michelson 1.0000, entropy 4.0655. Η αντίθεση είναι υψηλή και μπορεί να κάνει ορατές περισσότερες λεπτομέρειες."
493_low.png,493,493_high.png,Pipeline 1 - Gamma + stretch,"gamma=0.6, full range stretch",0.00923922897176299,20.3436426982755,0.277935774037303,0.194944040576772,1,6.8211789615226,"Το PSNR είναι σχετικά καλό (20.34 dB), άρα το αποτέλεσμα βρίσκεται κοντά στη φωτεινή εικόνα αναφοράς. Μέση φωτεινότητα 0.2779, τυπική απόκλιση 0.1949, Michelson 1.0000, entropy 6.8212. Η αντίθεση είναι υψηλή και μπορεί να κάνει ορατές περισσότερες λεπτομέρειες."
493_low.png,493,493_high.png,Pipeline 2 - Median + CLAHE + unsharp,"median 3x3, CLAHE 8x8 clip 0.01, unsharp k=0.8",0.0452766036994318,13.441261580105,0.0815250300466877,0.068236112885673,0.999999999999999,5.60934598707155,"Το PSNR είναι χαμηλό (13.44 dB), άρα το αποτέλεσμα απέχει αρκετά από τη φωτεινή αναφορά. Μέση φωτεινότητα 0.0815, τυπική απόκλιση 0.0682, Michelson 1.0000, entropy 5.6093. Η αντίθεση είναι υψηλή και μπορεί να κάνει ορατές περισσότερες λεπτομέρειες."
493_low.png,493,493_high.png,Pipeline 3 - Retinex sigma 15,"sigma=15",0.111197083194498,9.53906604562849,0.507444905754342,0.188079541383078,1,7.51291353100029,"Το PSNR είναι χαμηλό (9.54 dB), άρα το αποτέλεσμα απέχει αρκετά από τη φωτεινή αναφορά. Μέση φωτεινότητα 0.5074, τυπική απόκλιση 0.1881, Michelson 1.0000, entropy 7.5129. Η αντίθεση είναι υψηλή και μπορεί να κάνει ορατές περισσότερες λεπτομέρειες."
493_low.png,493,493_high.png,Pipeline 3 - Retinex sigma 30,"sigma=30",0.0972209598017856,10.1224009572227,0.489779432810375,0.194435958640034,1,7.56081459289506,"Το PSNR είναι χαμηλό (10.12 dB), άρα το αποτέλεσμα απέχει αρκετά από τη φωτεινή αναφορά. Μέση φωτεινότητα 0.4898, τυπική απόκλιση 0.1944, Michelson 1.0000, entropy 7.5608. Η αντίθεση είναι υψηλή και μπορεί να κάνει ορατές περισσότερες λεπτομέρειες."
493_low.png,493,493_high.png,Pipeline 3 - Retinex sigma 60,"sigma=60",0.0907028067623563,10.4237927366159,0.482638757638788,0.197809181888689,1,7.56881000446231,"Το PSNR είναι χαμηλό (10.42 dB), άρα το αποτέλεσμα απέχει αρκετά από τη φωτεινή αναφορά. Μέση φωτεινότητα 0.4826, τυπική απόκλιση 0.1978, Michelson 1.0000, entropy 7.5688. Η αντίθεση είναι υψηλή και μπορεί να κάνει ορατές περισσότερες λεπτομέρειες."
547_low.png,547,547_high.png,Original low-light,"",0.126543129437396,8.97761429552964,0.0620225796112242,0.0307095840099245,0.999999999999998,4.91287827823775,"Αρχική low-light εικόνα για βάση σύγκρισης. Το PSNR είναι χαμηλό (8.98 dB), άρα το αποτέλεσμα απέχει αρκετά από τη φωτεινή αναφορά. Μέση φωτεινότητα 0.0620, τυπική απόκλιση 0.0307, Michelson 1.0000, entropy 4.9129. Η αντίθεση είναι υψηλή και μπορεί να κάνει ορατές περισσότερες λεπτομέρειες."
547_low.png,547,547_high.png,Pipeline 1 - Gamma + stretch,"gamma=0.6, full range stretch",0.00699841501132045,21.5500030709715,0.458898366998235,0.157277361486075,1,7.21147084557607,"Το PSNR είναι σχετικά καλό (21.55 dB), άρα το αποτέλεσμα βρίσκεται κοντά στη φωτεινή εικόνα αναφοράς. Μέση φωτεινότητα 0.4589, τυπική απόκλιση 0.1573, Michelson 1.0000, entropy 7.2115. Η αντίθεση είναι υψηλή και μπορεί να κάνει ορατές περισσότερες λεπτομέρειες."
547_low.png,547,547_high.png,Pipeline 2 - Median + CLAHE + unsharp,"median 3x3, CLAHE 8x8 clip 0.01, unsharp k=0.8",0.0708096894784059,11.4990731011987,0.147852581523554,0.0765981091568302,0.999999999999999,6.23340941635115,"Το PSNR είναι χαμηλό (11.50 dB), άρα το αποτέλεσμα απέχει αρκετά από τη φωτεινή αναφορά. Μέση φωτεινότητα 0.1479, τυπική απόκλιση 0.0766, Michelson 1.0000, entropy 6.2334. Η αντίθεση είναι υψηλή και μπορεί να κάνει ορατές περισσότερες λεπτομέρειες."
547_low.png,547,547_high.png,Pipeline 3 - Retinex sigma 15,"sigma=15",0.101534877034474,9.93384752806402,0.685315087430428,0.167512987528559,1,6.70102026622201,"Το PSNR είναι χαμηλό (9.93 dB), άρα το αποτέλεσμα απέχει αρκετά από τη φωτεινή αναφορά. Μέση φωτεινότητα 0.6853, τυπική απόκλιση 0.1675, Michelson 1.0000, entropy 6.7010. Η αντίθεση είναι υψηλή και μπορεί να κάνει ορατές περισσότερες λεπτομέρειες."
547_low.png,547,547_high.png,Pipeline 3 - Retinex sigma 30,"sigma=30",0.110031686723055,9.58482229502726,0.700506492728693,0.177728444587537,1,6.82435367193424,"Το PSNR είναι χαμηλό (9.58 dB), άρα το αποτέλεσμα απέχει αρκετά από τη φωτεινή αναφορά. Μέση φωτεινότητα 0.7005, τυπική απόκλιση 0.1777, Michelson 1.0000, entropy 6.8244. Η αντίθεση είναι υψηλή και μπορεί να κάνει ορατές περισσότερες λεπτομέρειες."
547_low.png,547,547_high.png,Pipeline 3 - Retinex sigma 60,"sigma=60",0.117669510850528,9.29336051894774,0.714540832398077,0.183862820964448,1,6.90351364080293,"Το PSNR είναι χαμηλό (9.29 dB), άρα το αποτέλεσμα απέχει αρκετά από τη φωτεινή αναφορά. Μέση φωτεινότητα 0.7145, τυπική απόκλιση 0.1839, Michelson 1.0000, entropy 6.9035. Η αντίθεση είναι υψηλή και μπορεί να κάνει ορατές περισσότερες λεπτομέρειες."
665_low.png,665,665_high.png,Original low-light,"",0.208121454931864,6.81683146707044,0.0340600344791864,0.0191885664274847,1,4.16446188081896,"Αρχική low-light εικόνα για βάση σύγκρισης. Το PSNR είναι χαμηλό (6.82 dB), άρα το αποτέλεσμα απέχει αρκετά από τη φωτεινή αναφορά. Μέση φωτεινότητα 0.0341, τυπική απόκλιση 0.0192, Michelson 1.0000, entropy 4.1645. Η αντίθεση είναι υψηλή και μπορεί να κάνει ορατές περισσότερες λεπτομέρειες."
665_low.png,665,665_high.png,Pipeline 1 - Gamma + stretch,"gamma=0.6, full range stretch",0.0976623401469523,10.1027287353201,0.181571732439891,0.0754939556293444,1,5.99901114325031,"Το PSNR είναι χαμηλό (10.10 dB), άρα το αποτέλεσμα απέχει αρκετά από τη φωτεινή αναφορά. Μέση φωτεινότητα 0.1816, τυπική απόκλιση 0.0755, Michelson 1.0000, entropy 5.9990. Η αντίθεση είναι υψηλή και μπορεί να κάνει ορατές περισσότερες λεπτομέρειες."
665_low.png,665,665_high.png,Pipeline 2 - Median + CLAHE + unsharp,"median 3x3, CLAHE 8x8 clip 0.01, unsharp k=0.8",0.164235739993165,7.8453232838086,0.088325589995004,0.0503810430350628,0.999999999999999,5.5895133822888,"Το PSNR είναι χαμηλό (7.85 dB), άρα το αποτέλεσμα απέχει αρκετά από τη φωτεινή αναφορά. Μέση φωτεινότητα 0.0883, τυπική απόκλιση 0.0504, Michelson 1.0000, entropy 5.5895. Η αντίθεση είναι υψηλή και μπορεί να κάνει ορατές περισσότερες λεπτομέρειες."
665_low.png,665,665_high.png,Pipeline 3 - Retinex sigma 15,"sigma=15",0.0475293635140331,13.2303800148883,0.617858337556543,0.16229562544528,1,7.04293663923597,"Το PSNR είναι χαμηλό (13.23 dB), άρα το αποτέλεσμα απέχει αρκετά από τη φωτεινή αναφορά. Μέση φωτεινότητα 0.6179, τυπική απόκλιση 0.1623, Michelson 1.0000, entropy 7.0429. Η αντίθεση είναι υψηλή και μπορεί να κάνει ορατές περισσότερες λεπτομέρειες."
665_low.png,665,665_high.png,Pipeline 3 - Retinex sigma 30,"sigma=30",0.0479016762783545,13.1964928855409,0.62673252282952,0.174054372614964,1,7.19214005741504,"Το PSNR είναι χαμηλό (13.20 dB), άρα το αποτέλεσμα απέχει αρκετά από τη φωτεινή αναφορά. Μέση φωτεινότητα 0.6267, τυπική απόκλιση 0.1741, Michelson 1.0000, entropy 7.1921. Η αντίθεση είναι υψηλή και μπορεί να κάνει ορατές περισσότερες λεπτομέρειες."
665_low.png,665,665_high.png,Pipeline 3 - Retinex sigma 60,"sigma=60",0.0501842079114871,12.9943292619955,0.642667463230131,0.178051138730168,1,7.25750793926596,"Το PSNR είναι χαμηλό (12.99 dB), άρα το αποτέλεσμα απέχει αρκετά από τη φωτεινή αναφορά. Μέση φωτεινότητα 0.6427, τυπική απόκλιση 0.1781, Michelson 1.0000, entropy 7.2575. Η αντίθεση είναι υψηλή και μπορεί να κάνει ορατές περισσότερες λεπτομέρειες."
669_low.png,669,669_high.png,Original low-light,"",0.211474026741851,6.74742965099202,0.0672875357807946,0.0336537929247375,0.999999999999999,5.03837659305827,"Αρχική low-light εικόνα για βάση σύγκρισης. Το PSNR είναι χαμηλό (6.75 dB), άρα το αποτέλεσμα απέχει αρκετά από τη φωτεινή αναφορά. Μέση φωτεινότητα 0.0673, τυπική απόκλιση 0.0337, Michelson 1.0000, entropy 5.0384. Η αντίθεση είναι υψηλή και μπορεί να κάνει ορατές περισσότερες λεπτομέρειες."
669_low.png,669,669_high.png,Pipeline 1 - Gamma + stretch,"gamma=0.6, full range stretch",0.0130874777649622,18.8314404315932,0.409282798346873,0.137397958566157,1,7.03574770010955,"Το PSNR είναι μέτριο (18.83 dB), άρα υπάρχει βελτίωση αλλά και διαφορά από τη φωτεινή αναφορά. Μέση φωτεινότητα 0.4093, τυπική απόκλιση 0.1374, Michelson 1.0000, entropy 7.0357. Η αντίθεση είναι υψηλή και μπορεί να κάνει ορατές περισσότερες λεπτομέρειες."
669_low.png,669,669_high.png,Pipeline 2 - Median + CLAHE + unsharp,"median 3x3, CLAHE 8x8 clip 0.01, unsharp k=0.8",0.133185244905806,8.75543886358943,0.154986158902603,0.0915854882605139,1,6.37623964987289,"Το PSNR είναι χαμηλό (8.76 dB), άρα το αποτέλεσμα απέχει αρκετά από τη φωτεινή αναφορά. Μέση φωτεινότητα 0.1550, τυπική απόκλιση 0.0916, Michelson 1.0000, entropy 6.3762. Η αντίθεση είναι υψηλή και μπορεί να κάνει ορατές περισσότερες λεπτομέρειες."
669_low.png,669,669_high.png,Pipeline 3 - Retinex sigma 15,"sigma=15",0.0453242397582127,13.4366947176819,0.672816326336705,0.159560255771937,1,6.86824708148154,"Το PSNR είναι χαμηλό (13.44 dB), άρα το αποτέλεσμα απέχει αρκετά από τη φωτεινή αναφορά. Μέση φωτεινότητα 0.6728, τυπική απόκλιση 0.1596, Michelson 1.0000, entropy 6.8682. Η αντίθεση είναι υψηλή και μπορεί να κάνει ορατές περισσότερες λεπτομέρειες."
669_low.png,669,669_high.png,Pipeline 3 - Retinex sigma 30,"sigma=30",0.0492934631124781,13.0721066941261,0.688953429829355,0.16797733995567,1,6.93279502968815,"Το PSNR είναι χαμηλό (13.07 dB), άρα το αποτέλεσμα απέχει αρκετά από τη φωτεινή αναφορά. Μέση φωτεινότητα 0.6890, τυπική απόκλιση 0.1680, Michelson 1.0000, entropy 6.9328. Η αντίθεση είναι υψηλή και μπορεί να κάνει ορατές περισσότερες λεπτομέρειες."
669_low.png,669,669_high.png,Pipeline 3 - Retinex sigma 60,"sigma=60",0.0409595944294929,13.8764435227405,0.671500457901513,0.167925841389388,1,6.97550544034364,"Το PSNR είναι χαμηλό (13.88 dB), άρα το αποτέλεσμα απέχει αρκετά από τη φωτεινή αναφορά. Μέση φωτεινότητα 0.6715, τυπική απόκλιση 0.1679, Michelson 1.0000, entropy 6.9755. Η αντίθεση είναι υψηλή και μπορεί να κάνει ορατές περισσότερες λεπτομέρειες."
748_low.png,748,748_high.png,Original low-light,"",0.100879143342304,9.9619861441366,0.0518469903033934,0.0355384740211846,1,4.7107273066516,"Αρχική low-light εικόνα για βάση σύγκρισης. Το PSNR είναι χαμηλό (9.96 dB), άρα το αποτέλεσμα απέχει αρκετά από τη φωτεινή αναφορά. Μέση φωτεινότητα 0.0518, τυπική απόκλιση 0.0355, Michelson 1.0000, entropy 4.7107. Η αντίθεση είναι υψηλή και μπορεί να κάνει ορατές περισσότερες λεπτομέρειες."
748_low.png,748,748_high.png,Pipeline 1 - Gamma + stretch,"gamma=0.6, full range stretch",0.043350291041907,13.6300798244452,0.161738709735814,0.0587114659417644,1,5.79571932010603,"Το PSNR είναι χαμηλό (13.63 dB), άρα το αποτέλεσμα απέχει αρκετά από τη φωτεινή αναφορά. Μέση φωτεινότητα 0.1617, τυπική απόκλιση 0.0587, Michelson 1.0000, entropy 5.7957. Η αντίθεση είναι υψηλή και μπορεί να κάνει ορατές περισσότερες λεπτομέρειες."
748_low.png,748,748_high.png,Pipeline 2 - Median + CLAHE + unsharp,"median 3x3, CLAHE 8x8 clip 0.01, unsharp k=0.8",0.0545806583151779,12.6296123046669,0.134475128257643,0.079386002555806,1,6.2053860641787,"Το PSNR είναι χαμηλό (12.63 dB), άρα το αποτέλεσμα απέχει αρκετά από τη φωτεινή αναφορά. Μέση φωτεινότητα 0.1345, τυπική απόκλιση 0.0794, Michelson 1.0000, entropy 6.2054. Η αντίθεση είναι υψηλή και μπορεί να κάνει ορατές περισσότερες λεπτομέρειες."
748_low.png,748,748_high.png,Pipeline 3 - Retinex sigma 15,"sigma=15",0.0585880919731727,12.3219064534485,0.57909699818796,0.167424805341631,1,7.28519484702176,"Το PSNR είναι χαμηλό (12.32 dB), άρα το αποτέλεσμα απέχει αρκετά από τη φωτεινή αναφορά. Μέση φωτεινότητα 0.5791, τυπική απόκλιση 0.1674, Michelson 1.0000, entropy 7.2852. Η αντίθεση είναι υψηλή και μπορεί να κάνει ορατές περισσότερες λεπτομέρειες."
748_low.png,748,748_high.png,Pipeline 3 - Retinex sigma 30,"sigma=30",0.0621579596309112,12.0650324992754,0.590672121419496,0.171274269464951,1,7.3287966239463,"Το PSNR είναι χαμηλό (12.07 dB), άρα το αποτέλεσμα απέχει αρκετά από τη φωτεινή αναφορά. Μέση φωτεινότητα 0.5907, τυπική απόκλιση 0.1713, Michelson 1.0000, entropy 7.3288. Η αντίθεση είναι υψηλή και μπορεί να κάνει ορατές περισσότερες λεπτομέρειες."
748_low.png,748,748_high.png,Pipeline 3 - Retinex sigma 60,"sigma=60",0.0649095891110257,11.8769114001969,0.599474708283224,0.174625332824632,1,7.33703224405517,"Το PSNR είναι χαμηλό (11.88 dB), άρα το αποτέλεσμα απέχει αρκετά από τη φωτεινή αναφορά. Μέση φωτεινότητα 0.5995, τυπική απόκλιση 0.1746, Michelson 1.0000, entropy 7.3370. Η αντίθεση είναι υψηλή και μπορεί να κάνει ορατές περισσότερες λεπτομέρειες."
778_low.png,778,778_high.png,Original low-light,"",0.129502137724807,8.87723062513813,0.0300412756751427,0.0300323997960678,1,4.35150204755411,"Αρχική low-light εικόνα για βάση σύγκρισης. Το PSNR είναι χαμηλό (8.88 dB), άρα το αποτέλεσμα απέχει αρκετά από τη φωτεινή αναφορά. Μέση φωτεινότητα 0.0300, τυπική απόκλιση 0.0300, Michelson 1.0000, entropy 4.3515. Η αντίθεση είναι υψηλή και μπορεί να κάνει ορατές περισσότερες λεπτομέρειες."
778_low.png,778,778_high.png,Pipeline 1 - Gamma + stretch,"gamma=0.6, full range stretch",0.0735189898970481,11.3360046850377,0.109870234841698,0.0755718955045565,1,5.95696776050678,"Το PSNR είναι χαμηλό (11.34 dB), άρα το αποτέλεσμα απέχει αρκετά από τη φωτεινή αναφορά. Μέση φωτεινότητα 0.1099, τυπική απόκλιση 0.0756, Michelson 1.0000, entropy 5.9570. Η αντίθεση είναι υψηλή και μπορεί να κάνει ορατές περισσότερες λεπτομέρειες."
778_low.png,778,778_high.png,Pipeline 2 - Median + CLAHE + unsharp,"median 3x3, CLAHE 8x8 clip 0.01, unsharp k=0.8",0.0857934645435516,10.6654579397852,0.0879981480965315,0.077693968338976,1,5.78383585345652,"Το PSNR είναι χαμηλό (10.67 dB), άρα το αποτέλεσμα απέχει αρκετά από τη φωτεινή αναφορά. Μέση φωτεινότητα 0.0880, τυπική απόκλιση 0.0777, Michelson 1.0000, entropy 5.7838. Η αντίθεση είναι υψηλή και μπορεί να κάνει ορατές περισσότερες λεπτομέρειες."
778_low.png,778,778_high.png,Pipeline 3 - Retinex sigma 15,"sigma=15",0.0609319967747448,12.1515458957545,0.506146798276059,0.186586803562843,1,7.49848577392984,"Το PSNR είναι χαμηλό (12.15 dB), άρα το αποτέλεσμα απέχει αρκετά από τη φωτεινή αναφορά. Μέση φωτεινότητα 0.5061, τυπική απόκλιση 0.1866, Michelson 1.0000, entropy 7.4985. Η αντίθεση είναι υψηλή και μπορεί να κάνει ορατές περισσότερες λεπτομέρειες."
778_low.png,778,778_high.png,Pipeline 3 - Retinex sigma 30,"sigma=30",0.0582935387885002,12.343795794435,0.507357596437372,0.190960092961693,1,7.52469870540869,"Το PSNR είναι χαμηλό (12.34 dB), άρα το αποτέλεσμα απέχει αρκετά από τη φωτεινή αναφορά. Μέση φωτεινότητα 0.5074, τυπική απόκλιση 0.1910, Michelson 1.0000, entropy 7.5247. Η αντίθεση είναι υψηλή και μπορεί να κάνει ορατές περισσότερες λεπτομέρειες."
778_low.png,778,778_high.png,Pipeline 3 - Retinex sigma 60,"sigma=60",0.051449123798539,12.8862201706675,0.496949925033937,0.195349205634567,1,7.5462830794578,"Το PSNR είναι χαμηλό (12.89 dB), άρα το αποτέλεσμα απέχει αρκετά από τη φωτεινή αναφορά. Μέση φωτεινότητα 0.4969, τυπική απόκλιση 0.1953, Michelson 1.0000, entropy 7.5463. Η αντίθεση είναι υψηλή και μπορεί να κάνει ορατές περισσότερες λεπτομέρειες."
780_low.png,780,780_high.png,Original low-light,"",0.061314781344782,12.1243481614011,0.0412207582219927,0.0547050771394892,1,4.4996308303368,"Αρχική low-light εικόνα για βάση σύγκρισης. Το PSNR είναι χαμηλό (12.12 dB), άρα το αποτέλεσμα απέχει αρκετά από τη φωτεινή αναφορά. Μέση φωτεινότητα 0.0412, τυπική απόκλιση 0.0547, Michelson 1.0000, entropy 4.4996. Η αντίθεση είναι υψηλή και μπορεί να κάνει ορατές περισσότερες λεπτομέρειες."
780_low.png,780,780_high.png,Pipeline 1 - Gamma + stretch,"gamma=0.6, full range stretch",0.0111562997351446,19.5247982610457,0.169977853101251,0.111856476627735,1,6.25101704959107,"Το PSNR είναι μέτριο (19.52 dB), άρα υπάρχει βελτίωση αλλά και διαφορά από τη φωτεινή αναφορά. Μέση φωτεινότητα 0.1700, τυπική απόκλιση 0.1119, Michelson 1.0000, entropy 6.2510. Η αντίθεση είναι υψηλή και μπορεί να κάνει ορατές περισσότερες λεπτομέρειες."
780_low.png,780,780_high.png,Pipeline 2 - Median + CLAHE + unsharp,"median 3x3, CLAHE 8x8 clip 0.01, unsharp k=0.8",0.0325225589303259,14.878152907041,0.0974180911165355,0.105841328555289,1,5.74329758103669,"Το PSNR είναι χαμηλό (14.88 dB), άρα το αποτέλεσμα απέχει αρκετά από τη φωτεινή αναφορά. Μέση φωτεινότητα 0.0974, τυπική απόκλιση 0.1058, Michelson 1.0000, entropy 5.7433. Η αντίθεση είναι υψηλή και μπορεί να κάνει ορατές περισσότερες λεπτομέρειες."
780_low.png,780,780_high.png,Pipeline 3 - Retinex sigma 15,"sigma=15",0.0787194900465634,11.0391772797459,0.452329088280525,0.200739985449301,1,7.41710784692182,"Το PSNR είναι χαμηλό (11.04 dB), άρα το αποτέλεσμα απέχει αρκετά από τη φωτεινή αναφορά. Μέση φωτεινότητα 0.4523, τυπική απόκλιση 0.2007, Michelson 1.0000, entropy 7.4171. Η αντίθεση είναι υψηλή και μπορεί να κάνει ορατές περισσότερες λεπτομέρειες."
780_low.png,780,780_high.png,Pipeline 3 - Retinex sigma 30,"sigma=30",0.0657817301892435,11.8189470790172,0.432554314989299,0.197666718197617,1,7.38231687860213,"Το PSNR είναι χαμηλό (11.82 dB), άρα το αποτέλεσμα απέχει αρκετά από τη φωτεινή αναφορά. Μέση φωτεινότητα 0.4326, τυπική απόκλιση 0.1977, Michelson 1.0000, entropy 7.3823. Η αντίθεση είναι υψηλή και μπορεί να κάνει ορατές περισσότερες λεπτομέρειες."
780_low.png,780,780_high.png,Pipeline 3 - Retinex sigma 60,"sigma=60",0.0575816097227563,12.3971619836835,0.420121262883425,0.196546933339328,1,7.34605947169535,"Το PSNR είναι χαμηλό (12.40 dB), άρα το αποτέλεσμα απέχει αρκετά από τη φωτεινή αναφορά. Μέση φωτεινότητα 0.4201, τυπική απόκλιση 0.1965, Michelson 1.0000, entropy 7.3461. Η αντίθεση είναι υψηλή και μπορεί να κάνει ορατές περισσότερες λεπτομέρειες."
