Image,ImageNumber,HighReferenceImage,Method,Parameter,ApproxTileSize,MeanBrightness,IntensityVariance,StdContrast,EntropyValue,DarkPixelPercent,BrightPixelPercent,SaturatedPixelPercent,MichelsonContrast,Comment
1_low.png,1,1_high.png,Original low-light,"",,0.126107222222223,0.0135884520353699,0.11656951589232,5.84843513260013,85.4895833333333,0,0,1,"Αρχική εικόνα χαμηλού φωτισμού πριν από την ισοστάθμιση."
1_low.png,1,1_high.png,Global histogram equalization,"CDF mapping",,0.511259255729166,0.0807742129302197,0.284208045153932,5.7697165279627,23.1033333333333,25.9820833333333,2.01833333333333,0.999333555481506,"Η global ισοστάθμιση αυξάνει την αντίθεση επειδή απλώνει το ιστόγραμμα σε μεγαλύτερο εύρος. Η ισχυρή αύξηση της αντίθεσης μπορεί να κάνει πιο ορατό τον θόρυβο στις σκοτεινές περιοχές."
1_low.png,1,1_high.png,Adaptive histogram equalization,"NumTiles=[4 4], ClipLimit=0.01",about 100x150 pixels,0.261488337069259,0.0254330105234126,0.159477304101281,7.09277644173439,55.40125,0,0,0.994514194033324,"Η τοπική ισοστάθμιση αποκαλύπτει περισσότερες λεπτομέρειες στις σκοτεινές περιοχές. Το clip limit περιορίζει την υπερβολική ενίσχυση του θορύβου. Τα λιγότερα tiles αντιστοιχούν σε μεγαλύτερα τοπικά παράθυρα και πιο ομαλή μεταβολή."
1_low.png,1,1_high.png,Adaptive histogram equalization,"NumTiles=[8 8], ClipLimit=0.01",about 50x75 pixels,0.253296223542244,0.0259096382440194,0.160964711176144,7.15855636912804,56.8883333333333,0.09375,0,0.994593150890176,"Η τοπική ισοστάθμιση αποκαλύπτει περισσότερες λεπτομέρειες στις σκοτεινές περιοχές. Το clip limit περιορίζει την υπερβολική ενίσχυση του θορύβου. Η επιλογή 8x8 tiles δίνει ενδιάμεση ισορροπία ανάμεσα σε τοπική λεπτομέρεια και φυσικό αποτέλεσμα."
1_low.png,1,1_high.png,Adaptive histogram equalization,"NumTiles=[8 8], ClipLimit=0.03",about 50x75 pixels,0.37537034789012,0.036774039706922,0.191765585303834,7.57035903654962,28.5970833333333,3.25666666666667,0.00333333333333333,0.997872340425532,"Η τοπική ισοστάθμιση αποκαλύπτει περισσότερες λεπτομέρειες στις σκοτεινές περιοχές. Το clip limit περιορίζει την υπερβολική ενίσχυση του θορύβου. Η επιλογή 8x8 tiles δίνει ενδιάμεση ισορροπία ανάμεσα σε τοπική λεπτομέρεια και φυσικό αποτέλεσμα."
1_low.png,1,1_high.png,Adaptive histogram equalization,"NumTiles=[16 16], ClipLimit=0.01",about 25x38 pixels,0.2402911796697,0.0231853142052956,0.15226724600286,7.09733108309596,58.4120833333333,0.0541666666666667,0,0.991700160115021,"Η τοπική ισοστάθμιση αποκαλύπτει περισσότερες λεπτομέρειες στις σκοτεινές περιοχές. Το clip limit περιορίζει την υπερβολική ενίσχυση του θορύβου. Τα περισσότερα tiles αντιστοιχούν σε μικρότερα τοπικά παράθυρα και δίνουν πιο έντονη τοπική προσαρμογή."
22_low.png,22,22_high.png,Original low-light,"",,0.0834067483660137,0.00270953135891937,0.0520531589715684,5.38591733912878,99.9895833333333,0,0,0.999999999999999,"Αρχική εικόνα χαμηλού φωτισμού πριν από την ισοστάθμιση."
22_low.png,22,22_high.png,Global histogram equalization,"CDF mapping",,0.513574649288193,0.0834894179645811,0.288945354634023,5.35038230444249,24.04,27.6141666666667,2.00833333333333,0.975658244051416,"Η global ισοστάθμιση αυξάνει την αντίθεση επειδή απλώνει το ιστόγραμμα σε μεγαλύτερο εύρος. Η ισχυρή αύξηση της αντίθεσης μπορεί να κάνει πιο ορατό τον θόρυβο στις σκοτεινές περιοχές."
22_low.png,22,22_high.png,Adaptive histogram equalization,"NumTiles=[4 4], ClipLimit=0.01",about 100x150 pixels,0.22712249191163,0.0163799575540578,0.127984208221397,6.65993390646825,52.56125,0,0,0.99125550274442,"Η τοπική ισοστάθμιση αποκαλύπτει περισσότερες λεπτομέρειες στις σκοτεινές περιοχές. Το clip limit περιορίζει την υπερβολική ενίσχυση του θορύβου. Τα λιγότερα tiles αντιστοιχούν σε μεγαλύτερα τοπικά παράθυρα και πιο ομαλή μεταβολή."
22_low.png,22,22_high.png,Adaptive histogram equalization,"NumTiles=[8 8], ClipLimit=0.01",about 50x75 pixels,0.205898620185249,0.0130873490788834,0.114399952267837,6.62476802441873,61.5108333333333,0,0,0.990219703971721,"Η τοπική ισοστάθμιση αποκαλύπτει περισσότερες λεπτομέρειες στις σκοτεινές περιοχές. Το clip limit περιορίζει την υπερβολική ενίσχυση του θορύβου. Η επιλογή 8x8 tiles δίνει ενδιάμεση ισορροπία ανάμεσα σε τοπική λεπτομέρεια και φυσικό αποτέλεσμα."
22_low.png,22,22_high.png,Adaptive histogram equalization,"NumTiles=[8 8], ClipLimit=0.03",about 50x75 pixels,0.325022327791436,0.0292655145185246,0.171071664861615,7.38011591160057,36.3545833333333,0.674166666666667,0,0.995250502069075,"Η τοπική ισοστάθμιση αποκαλύπτει περισσότερες λεπτομέρειες στις σκοτεινές περιοχές. Το clip limit περιορίζει την υπερβολική ενίσχυση του θορύβου. Η επιλογή 8x8 tiles δίνει ενδιάμεση ισορροπία ανάμεσα σε τοπική λεπτομέρεια και φυσικό αποτέλεσμα."
22_low.png,22,22_high.png,Adaptive histogram equalization,"NumTiles=[16 16], ClipLimit=0.01",about 25x38 pixels,0.18263663420817,0.00944471186251591,0.0971839074256428,6.51687039103064,73.945,0,0,0.988756828339678,"Η τοπική ισοστάθμιση αποκαλύπτει περισσότερες λεπτομέρειες στις σκοτεινές περιοχές. Το clip limit περιορίζει την υπερβολική ενίσχυση του θορύβου. Τα περισσότερα tiles αντιστοιχούν σε μικρότερα τοπικά παράθυρα και δίνουν πιο έντονη τοπική προσαρμογή."
23_low.png,23,23_high.png,Original low-light,"",,0.0421882679738565,0.000935010227347388,0.0305779369373964,4.54639268313922,99.9995833333333,0,0,0.999999999999999,"Αρχική εικόνα χαμηλού φωτισμού πριν από την ισοστάθμιση."
23_low.png,23,23_high.png,Global histogram equalization,"CDF mapping",,0.525115924045137,0.0797916571979099,0.282474170850911,4.52413862392823,22.7041666666667,26.8816666666667,2.4075,0.915257821633635,"Η global ισοστάθμιση αυξάνει την αντίθεση επειδή απλώνει το ιστόγραμμα σε μεγαλύτερο εύρος. Η ισχυρή αύξηση της αντίθεσης μπορεί να κάνει πιο ορατό τον θόρυβο στις σκοτεινές περιοχές."
23_low.png,23,23_high.png,Adaptive histogram equalization,"NumTiles=[4 4], ClipLimit=0.01",about 100x150 pixels,0.141677516351907,0.00838929828995792,0.0915931126775257,5.7974308334614,88.5254166666667,0,0,0.987376952959889,"Η τοπική ισοστάθμιση αποκαλύπτει περισσότερες λεπτομέρειες στις σκοτεινές περιοχές. Το clip limit περιορίζει την υπερβολική ενίσχυση του θορύβου. Τα λιγότερα tiles αντιστοιχούν σε μεγαλύτερα τοπικά παράθυρα και πιο ομαλή μεταβολή."
23_low.png,23,23_high.png,Adaptive histogram equalization,"NumTiles=[8 8], ClipLimit=0.01",about 50x75 pixels,0.126911820652989,0.00638193388058503,0.0798870069572332,5.78922488154387,94.8004166666667,0,0,0.985252689450859,"Η τοπική ισοστάθμιση αποκαλύπτει περισσότερες λεπτομέρειες στις σκοτεινές περιοχές. Το clip limit περιορίζει την υπερβολική ενίσχυση του θορύβου. Η επιλογή 8x8 tiles δίνει ενδιάμεση ισορροπία ανάμεσα σε τοπική λεπτομέρεια και φυσικό αποτέλεσμα."
23_low.png,23,23_high.png,Adaptive histogram equalization,"NumTiles=[8 8], ClipLimit=0.03",about 50x75 pixels,0.235157148058056,0.0201728400319019,0.142031123462085,6.61833276180391,56.0433333333333,0.0933333333333333,0,0.994105547201701,"Η τοπική ισοστάθμιση αποκαλύπτει περισσότερες λεπτομέρειες στις σκοτεινές περιοχές. Το clip limit περιορίζει την υπερβολική ενίσχυση του θορύβου. Η επιλογή 8x8 tiles δίνει ενδιάμεση ισορροπία ανάμεσα σε τοπική λεπτομέρεια και φυσικό αποτέλεσμα."
23_low.png,23,23_high.png,Adaptive histogram equalization,"NumTiles=[16 16], ClipLimit=0.01",about 25x38 pixels,0.113813428069185,0.00464408117770613,0.0681474957552083,5.64569506353448,98.095,0,0,0.982304326689353,"Η τοπική ισοστάθμιση αποκαλύπτει περισσότερες λεπτομέρειες στις σκοτεινές περιοχές. Το clip limit περιορίζει την υπερβολική ενίσχυση του θορύβου. Τα περισσότερα tiles αντιστοιχούν σε μικρότερα τοπικά παράθυρα και δίνουν πιο έντονη τοπική προσαρμογή."
55_low.png,55,55_high.png,Original low-light,"",,0.0424702124183009,0.0010698048941302,0.0327078720513915,4.75448115989331,99.9995833333333,0,0,0.999999999999999,"Αρχική εικόνα χαμηλού φωτισμού πριν από την ισοστάθμιση."
55_low.png,55,55_high.png,Global histogram equalization,"CDF mapping",,0.521979848593752,0.0777472248897947,0.278831893602211,4.74874435957324,23.3116666666667,28.1554166666667,2.72416666666667,0.889466225791214,"Η global ισοστάθμιση αυξάνει την αντίθεση επειδή απλώνει το ιστόγραμμα σε μεγαλύτερο εύρος. Η ισχυρή αύξηση της αντίθεσης μπορεί να κάνει πιο ορατό τον θόρυβο στις σκοτεινές περιοχές."
55_low.png,55,55_high.png,Adaptive histogram equalization,"NumTiles=[4 4], ClipLimit=0.01",about 100x150 pixels,0.155471731375407,0.0122574856787104,0.110713529790674,6.18969284068443,80.3529166666667,0,0,0.970031809012394,"Η τοπική ισοστάθμιση αποκαλύπτει περισσότερες λεπτομέρειες στις σκοτεινές περιοχές. Το clip limit περιορίζει την υπερβολική ενίσχυση του θορύβου. Τα λιγότερα tiles αντιστοιχούν σε μεγαλύτερα τοπικά παράθυρα και πιο ομαλή μεταβολή."
55_low.png,55,55_high.png,Adaptive histogram equalization,"NumTiles=[8 8], ClipLimit=0.01",about 50x75 pixels,0.136403150343375,0.00841449961582733,0.0917305816825955,6.03270046279225,86.3445833333333,0,0,0.983564569027476,"Η τοπική ισοστάθμιση αποκαλύπτει περισσότερες λεπτομέρειες στις σκοτεινές περιοχές. Το clip limit περιορίζει την υπερβολική ενίσχυση του θορύβου. Η επιλογή 8x8 tiles δίνει ενδιάμεση ισορροπία ανάμεσα σε τοπική λεπτομέρεια και φυσικό αποτέλεσμα."
55_low.png,55,55_high.png,Adaptive histogram equalization,"NumTiles=[8 8], ClipLimit=0.03",about 50x75 pixels,0.262830765831314,0.0287541703861269,0.169570546929963,7.03031386624581,50.5875,0.180833333333333,0,0.992686684182182,"Η τοπική ισοστάθμιση αποκαλύπτει περισσότερες λεπτομέρειες στις σκοτεινές περιοχές. Το clip limit περιορίζει την υπερβολική ενίσχυση του θορύβου. Η επιλογή 8x8 tiles δίνει ενδιάμεση ισορροπία ανάμεσα σε τοπική λεπτομέρεια και φυσικό αποτέλεσμα."
55_low.png,55,55_high.png,Adaptive histogram equalization,"NumTiles=[16 16], ClipLimit=0.01",about 25x38 pixels,0.117630039258211,0.00605952467429739,0.077842948776992,5.91857204319826,94.8954166666667,0,0,0.984687952383041,"Η τοπική ισοστάθμιση αποκαλύπτει περισσότερες λεπτομέρειες στις σκοτεινές περιοχές. Το clip limit περιορίζει την υπερβολική ενίσχυση του θορύβου. Τα περισσότερα tiles αντιστοιχούν σε μικρότερα τοπικά παράθυρα και δίνουν πιο έντονη τοπική προσαρμογή."
79_low.png,79,79_high.png,Original low-light,"",,0.0929000163398701,0.00165922550051236,0.0407335917948855,5.20902870349442,99.9579166666667,0.00333333333333333,0.00125,1,"Αρχική εικόνα χαμηλού φωτισμού πριν από την ισοστάθμιση."
79_low.png,79,79_high.png,Global histogram equalization,"CDF mapping",,0.514744267864582,0.08328936625853,0.288598971340041,5.19604839242643,24.3433333333333,26.8983333333333,2.17416666666667,0.999750031246094,"Η global ισοστάθμιση αυξάνει την αντίθεση επειδή απλώνει το ιστόγραμμα σε μεγαλύτερο εύρος. Η ισχυρή αύξηση της αντίθεσης μπορεί να κάνει πιο ορατό τον θόρυβο στις σκοτεινές περιοχές."
79_low.png,79,79_high.png,Adaptive histogram equalization,"NumTiles=[4 4], ClipLimit=0.01",about 100x150 pixels,0.24195190839463,0.015483633860855,0.124433250623999,6.83215604958923,51.4879166666667,0.00583333333333333,0.00125,0.9950894199078,"Η τοπική ισοστάθμιση αποκαλύπτει περισσότερες λεπτομέρειες στις σκοτεινές περιοχές. Το clip limit περιορίζει την υπερβολική ενίσχυση του θορύβου. Τα λιγότερα tiles αντιστοιχούν σε μεγαλύτερα τοπικά παράθυρα και πιο ομαλή μεταβολή."
79_low.png,79,79_high.png,Adaptive histogram equalization,"NumTiles=[8 8], ClipLimit=0.01",about 50x75 pixels,0.216014499163781,0.0121186645576845,0.110084806207235,6.67284907722166,58.63125,0.00416666666666667,0.00125,0.9951695894151,"Η τοπική ισοστάθμιση αποκαλύπτει περισσότερες λεπτομέρειες στις σκοτεινές περιοχές. Το clip limit περιορίζει την υπερβολική ενίσχυση του θορύβου. Η επιλογή 8x8 tiles δίνει ενδιάμεση ισορροπία ανάμεσα σε τοπική λεπτομέρεια και φυσικό αποτέλεσμα."
79_low.png,79,79_high.png,Adaptive histogram equalization,"NumTiles=[8 8], ClipLimit=0.03",about 50x75 pixels,0.343335332414012,0.0324749752844057,0.180208144334283,7.43897698747943,37.7458333333333,0.705,0.00208333333333333,0.998073878920044,"Η τοπική ισοστάθμιση αποκαλύπτει περισσότερες λεπτομέρειες στις σκοτεινές περιοχές. Το clip limit περιορίζει την υπερβολική ενίσχυση του θορύβου. Η επιλογή 8x8 tiles δίνει ενδιάμεση ισορροπία ανάμεσα σε τοπική λεπτομέρεια και φυσικό αποτέλεσμα."
79_low.png,79,79_high.png,Adaptive histogram equalization,"NumTiles=[16 16], ClipLimit=0.01",about 25x38 pixels,0.192472810483563,0.0088467057587063,0.0940569282865771,6.47764791180271,70.9295833333333,0.005,0.00125,0.993574936944112,"Η τοπική ισοστάθμιση αποκαλύπτει περισσότερες λεπτομέρειες στις σκοτεινές περιοχές. Το clip limit περιορίζει την υπερβολική ενίσχυση του θορύβου. Τα περισσότερα tiles αντιστοιχούν σε μικρότερα τοπικά παράθυρα και δίνουν πιο έντονη τοπική προσαρμογή."
111_low.png,111,111_high.png,Original low-light,"",,0.0847445751633994,0.00196226816837968,0.0442974961863499,5.1851182087155,99.1429166666667,0,0,1,"Αρχική εικόνα χαμηλού φωτισμού πριν από την ισοστάθμιση."
111_low.png,111,111_high.png,Global histogram equalization,"CDF mapping",,0.517647016684027,0.0841240734482914,0.290041502975508,5.10512595272811,23.2733333333333,29.2508333333333,2.15875,0.99982501531116,"Η global ισοστάθμιση αυξάνει την αντίθεση επειδή απλώνει το ιστόγραμμα σε μεγαλύτερο εύρος. Η ισχυρή αύξηση της αντίθεσης μπορεί να κάνει πιο ορατό τον θόρυβο στις σκοτεινές περιοχές."
111_low.png,111,111_high.png,Adaptive histogram equalization,"NumTiles=[4 4], ClipLimit=0.01",about 100x150 pixels,0.215506855923037,0.0117072814029233,0.108200191325724,6.69608385961764,62.81,0,0,0.993667371375969,"Η τοπική ισοστάθμιση αποκαλύπτει περισσότερες λεπτομέρειες στις σκοτεινές περιοχές. Το clip limit περιορίζει την υπερβολική ενίσχυση του θορύβου. Τα λιγότερα tiles αντιστοιχούν σε μεγαλύτερα τοπικά παράθυρα και πιο ομαλή μεταβολή."
111_low.png,111,111_high.png,Adaptive histogram equalization,"NumTiles=[8 8], ClipLimit=0.01",about 50x75 pixels,0.199359573127597,0.00952978899672157,0.097620638170018,6.57909944192837,70.11375,0,0,0.992369826182605,"Η τοπική ισοστάθμιση αποκαλύπτει περισσότερες λεπτομέρειες στις σκοτεινές περιοχές. Το clip limit περιορίζει την υπερβολική ενίσχυση του θορύβου. Η επιλογή 8x8 tiles δίνει ενδιάμεση ισορροπία ανάμεσα σε τοπική λεπτομέρεια και φυσικό αποτέλεσμα."
111_low.png,111,111_high.png,Adaptive histogram equalization,"NumTiles=[8 8], ClipLimit=0.03",about 50x75 pixels,0.327958296992151,0.0265936191132345,0.163075501266237,7.3619450325351,36.29625,0.819166666666667,0,0.996862509298767,"Η τοπική ισοστάθμιση αποκαλύπτει περισσότερες λεπτομέρειες στις σκοτεινές περιοχές. Το clip limit περιορίζει την υπερβολική ενίσχυση του θορύβου. Η επιλογή 8x8 tiles δίνει ενδιάμεση ισορροπία ανάμεσα σε τοπική λεπτομέρεια και φυσικό αποτέλεσμα."
111_low.png,111,111_high.png,Adaptive histogram equalization,"NumTiles=[16 16], ClipLimit=0.01",about 25x38 pixels,0.17886992583403,0.007379442742417,0.0859036829386086,6.38062894666966,82.0933333333333,0.0170833333333333,0,0.99145830679664,"Η τοπική ισοστάθμιση αποκαλύπτει περισσότερες λεπτομέρειες στις σκοτεινές περιοχές. Το clip limit περιορίζει την υπερβολική ενίσχυση του θορύβου. Τα περισσότερα tiles αντιστοιχούν σε μικρότερα τοπικά παράθυρα και δίνουν πιο έντονη τοπική προσαρμογή."
146_low.png,146,146_high.png,Original low-light,"",,0.109340539215687,0.00250436806546602,0.0500436615913146,5.11593150657362,99.9995833333333,0.000416666666666667,0,1,"Αρχική εικόνα χαμηλού φωτισμού πριν από την ισοστάθμιση."
146_low.png,146,146_high.png,Global histogram equalization,"CDF mapping",,0.517902034826389,0.0872241474179468,0.295337345112241,5.1049606284642,24.9416666666667,28.1491666666667,4.39666666666667,0.995311019105103,"Η global ισοστάθμιση αυξάνει την αντίθεση επειδή απλώνει το ιστόγραμμα σε μεγαλύτερο εύρος. Παράλληλα εμφανίζεται αυξημένος κορεσμός, άρα υπάρχει κίνδυνος υπερενίσχυσης."
146_low.png,146,146_high.png,Adaptive histogram equalization,"NumTiles=[4 4], ClipLimit=0.01",about 100x150 pixels,0.270951821720482,0.0155780308349536,0.124811981936646,6.72845798921228,35.9983333333333,0.000416666666666667,0,0.993864734017143,"Η τοπική ισοστάθμιση αποκαλύπτει περισσότερες λεπτομέρειες στις σκοτεινές περιοχές. Το clip limit περιορίζει την υπερβολική ενίσχυση του θορύβου. Τα λιγότερα tiles αντιστοιχούν σε μεγαλύτερα τοπικά παράθυρα και πιο ομαλή μεταβολή."
146_low.png,146,146_high.png,Adaptive histogram equalization,"NumTiles=[8 8], ClipLimit=0.01",about 50x75 pixels,0.235697151270199,0.011618770063979,0.107790398756007,6.62653967826813,52.8066666666667,0.000416666666666667,0,0.993562838678574,"Η τοπική ισοστάθμιση αποκαλύπτει περισσότερες λεπτομέρειες στις σκοτεινές περιοχές. Το clip limit περιορίζει την υπερβολική ενίσχυση του θορύβου. Η επιλογή 8x8 tiles δίνει ενδιάμεση ισορροπία ανάμεσα σε τοπική λεπτομέρεια και φυσικό αποτέλεσμα."
146_low.png,146,146_high.png,Adaptive histogram equalization,"NumTiles=[8 8], ClipLimit=0.03",about 50x75 pixels,0.351794903035549,0.0281240947951613,0.167702399491365,7.37185395068733,27.8216666666667,1.0675,0,0.996559792987107,"Η τοπική ισοστάθμιση αποκαλύπτει περισσότερες λεπτομέρειες στις σκοτεινές περιοχές. Το clip limit περιορίζει την υπερβολική ενίσχυση του θορύβου. Η επιλογή 8x8 tiles δίνει ενδιάμεση ισορροπία ανάμεσα σε τοπική λεπτομέρεια και φυσικό αποτέλεσμα."
146_low.png,146,146_high.png,Adaptive histogram equalization,"NumTiles=[16 16], ClipLimit=0.01",about 25x38 pixels,0.220400435237185,0.0103787899084758,0.101876346167674,6.54906553081306,65.1116666666667,0.000416666666666667,0,0.991593508091762,"Η τοπική ισοστάθμιση αποκαλύπτει περισσότερες λεπτομέρειες στις σκοτεινές περιοχές. Το clip limit περιορίζει την υπερβολική ενίσχυση του θορύβου. Τα περισσότερα tiles αντιστοιχούν σε μικρότερα τοπικά παράθυρα και δίνουν πιο έντονη τοπική προσαρμογή."
179_low.png,179,179_high.png,Original low-light,"",,0.123372679738563,0.00201948434190269,0.044938673121296,5.32385691271847,99.8320833333333,0,0,1,"Αρχική εικόνα χαμηλού φωτισμού πριν από την ισοστάθμιση."
179_low.png,179,179_high.png,Global histogram equalization,"CDF mapping",,0.518139933871529,0.0830734718176838,0.288224689812798,5.30309752373721,23.4645833333333,26.1775,2.46958333333333,0.999966667222213,"Η global ισοστάθμιση αυξάνει την αντίθεση επειδή απλώνει το ιστόγραμμα σε μεγαλύτερο εύρος. Η ισχυρή αύξηση της αντίθεσης μπορεί να κάνει πιο ορατό τον θόρυβο στις σκοτεινές περιοχές."
179_low.png,179,179_high.png,Adaptive histogram equalization,"NumTiles=[4 4], ClipLimit=0.01",about 100x150 pixels,0.297590399194907,0.0178709649396291,0.133682328449309,7.02817679605864,39.9033333333333,0.00333333333333333,0,0.995349006724566,"Η τοπική ισοστάθμιση αποκαλύπτει περισσότερες λεπτομέρειες στις σκοτεινές περιοχές. Το clip limit περιορίζει την υπερβολική ενίσχυση του θορύβου. Τα λιγότερα tiles αντιστοιχούν σε μεγαλύτερα τοπικά παράθυρα και πιο ομαλή μεταβολή."
179_low.png,179,179_high.png,Adaptive histogram equalization,"NumTiles=[8 8], ClipLimit=0.01",about 50x75 pixels,0.275969863564174,0.0193818733778541,0.139218796783531,6.96442663206306,54.43875,0.111666666666667,0,0.995727603315528,"Η τοπική ισοστάθμιση αποκαλύπτει περισσότερες λεπτομέρειες στις σκοτεινές περιοχές. Το clip limit περιορίζει την υπερβολική ενίσχυση του θορύβου. Η επιλογή 8x8 tiles δίνει ενδιάμεση ισορροπία ανάμεσα σε τοπική λεπτομέρεια και φυσικό αποτέλεσμα."
179_low.png,179,179_high.png,Adaptive histogram equalization,"NumTiles=[8 8], ClipLimit=0.03",about 50x75 pixels,0.397257371944829,0.0424700547814613,0.206082640660152,7.64368468931629,24.0104166666667,7.79875,0.11125,0.99898998400808,"Η τοπική ισοστάθμιση αποκαλύπτει περισσότερες λεπτομέρειες στις σκοτεινές περιοχές. Το clip limit περιορίζει την υπερβολική ενίσχυση του θορύβου. Η επιλογή 8x8 tiles δίνει ενδιάμεση ισορροπία ανάμεσα σε τοπική λεπτομέρεια και φυσικό αποτέλεσμα."
179_low.png,179,179_high.png,Adaptive histogram equalization,"NumTiles=[16 16], ClipLimit=0.01",about 25x38 pixels,0.245234539973098,0.0135689180139599,0.116485698752936,6.69527081988897,65.21,0.00416666666666667,0,0.992794108725932,"Η τοπική ισοστάθμιση αποκαλύπτει περισσότερες λεπτομέρειες στις σκοτεινές περιοχές. Το clip limit περιορίζει την υπερβολική ενίσχυση του θορύβου. Τα περισσότερα tiles αντιστοιχούν σε μικρότερα τοπικά παράθυρα και δίνουν πιο έντονη τοπική προσαρμογή."
493_low.png,493,493_high.png,Original low-light,"",,0.0370512908496734,0.00110693329581544,0.0332706070851651,4.64678661961496,100,0,0,0.999999999999999,"Αρχική εικόνα χαμηλού φωτισμού πριν από την ισοστάθμιση."
493_low.png,493,493_high.png,Global histogram equalization,"CDF mapping",,0.526091401319444,0.0743510904487486,0.272673963642935,4.63980082905011,16.8141666666667,26.6841666666667,2.485,0.914952186037605,"Η global ισοστάθμιση αυξάνει την αντίθεση επειδή απλώνει το ιστόγραμμα σε μεγαλύτερο εύρος. Η ισχυρή αύξηση της αντίθεσης μπορεί να κάνει πιο ορατό τον θόρυβο στις σκοτεινές περιοχές."
493_low.png,493,493_high.png,Adaptive histogram equalization,"NumTiles=[4 4], ClipLimit=0.01",about 100x150 pixels,0.136280245685241,0.0112199271092252,0.105924157344891,5.68890958593335,82.4270833333333,0,0,0.974313219336694,"Η τοπική ισοστάθμιση αποκαλύπτει περισσότερες λεπτομέρειες στις σκοτεινές περιοχές. Το clip limit περιορίζει την υπερβολική ενίσχυση του θορύβου. Τα λιγότερα tiles αντιστοιχούν σε μεγαλύτερα τοπικά παράθυρα και πιο ομαλή μεταβολή."
493_low.png,493,493_high.png,Adaptive histogram equalization,"NumTiles=[8 8], ClipLimit=0.01",about 50x75 pixels,0.126718540968086,0.00894913444165569,0.0945998649135172,5.83801174631599,88.0720833333333,0,0,0.986324350858019,"Η τοπική ισοστάθμιση αποκαλύπτει περισσότερες λεπτομέρειες στις σκοτεινές περιοχές. Το clip limit περιορίζει την υπερβολική ενίσχυση του θορύβου. Η επιλογή 8x8 tiles δίνει ενδιάμεση ισορροπία ανάμεσα σε τοπική λεπτομέρεια και φυσικό αποτέλεσμα."
493_low.png,493,493_high.png,Adaptive histogram equalization,"NumTiles=[8 8], ClipLimit=0.03",about 50x75 pixels,0.249368582142198,0.0273889505865636,0.165496074233088,6.93748981504456,54.755,0.282916666666667,0,0.992870714441847,"Η τοπική ισοστάθμιση αποκαλύπτει περισσότερες λεπτομέρειες στις σκοτεινές περιοχές. Το clip limit περιορίζει την υπερβολική ενίσχυση του θορύβου. Η επιλογή 8x8 tiles δίνει ενδιάμεση ισορροπία ανάμεσα σε τοπική λεπτομέρεια και φυσικό αποτέλεσμα."
493_low.png,493,493_high.png,Adaptive histogram equalization,"NumTiles=[16 16], ClipLimit=0.01",about 25x38 pixels,0.113366945130534,0.00625100415362425,0.0790632920742885,5.7212371240083,94.2741666666667,0,0,0.978558803928954,"Η τοπική ισοστάθμιση αποκαλύπτει περισσότερες λεπτομέρειες στις σκοτεινές περιοχές. Το clip limit περιορίζει την υπερβολική ενίσχυση του θορύβου. Τα περισσότερα tiles αντιστοιχούν σε μικρότερα τοπικά παράθυρα και δίνουν πιο έντονη τοπική προσαρμογή."
547_low.png,547,547_high.png,Original low-light,"",,0.0691085947712425,0.000995128746711735,0.0315456612977401,4.98285572359319,100,0,0,0.999999999999999,"Αρχική εικόνα χαμηλού φωτισμού πριν από την ισοστάθμιση."
547_low.png,547,547_high.png,Global histogram equalization,"CDF mapping",,0.518123275138888,0.0831707065354315,0.288393319158803,4.97860780218725,22.9891666666667,28.6866666666667,3.425,0.990528402352141,"Η global ισοστάθμιση αυξάνει την αντίθεση επειδή απλώνει το ιστόγραμμα σε μεγαλύτερο εύρος. Παράλληλα εμφανίζεται αυξημένος κορεσμός, άρα υπάρχει κίνδυνος υπερενίσχυσης."
547_low.png,547,547_high.png,Adaptive histogram equalization,"NumTiles=[4 4], ClipLimit=0.01",about 100x150 pixels,0.20357298345387,0.00912085751940255,0.0955031806768892,6.56394480787279,72.1216666666667,0,0,0.989463905776566,"Η τοπική ισοστάθμιση αποκαλύπτει περισσότερες λεπτομέρειες στις σκοτεινές περιοχές. Το clip limit περιορίζει την υπερβολική ενίσχυση του θορύβου. Τα λιγότερα tiles αντιστοιχούν σε μεγαλύτερα τοπικά παράθυρα και πιο ομαλή μεταβολή."
547_low.png,547,547_high.png,Adaptive histogram equalization,"NumTiles=[8 8], ClipLimit=0.01",about 50x75 pixels,0.178599451094471,0.00744580779552868,0.0862890943024011,6.39468549209428,80.8729166666667,0,0,0.989162610892508,"Η τοπική ισοστάθμιση αποκαλύπτει περισσότερες λεπτομέρειες στις σκοτεινές περιοχές. Το clip limit περιορίζει την υπερβολική ενίσχυση του θορύβου. Η επιλογή 8x8 tiles δίνει ενδιάμεση ισορροπία ανάμεσα σε τοπική λεπτομέρεια και φυσικό αποτέλεσμα."
547_low.png,547,547_high.png,Adaptive histogram equalization,"NumTiles=[8 8], ClipLimit=0.03",about 50x75 pixels,0.304554180322888,0.0226486163609933,0.15049457253002,7.24518879122775,39.8595833333333,0.337916666666667,0,0.997566279431784,"Η τοπική ισοστάθμιση αποκαλύπτει περισσότερες λεπτομέρειες στις σκοτεινές περιοχές. Το clip limit περιορίζει την υπερβολική ενίσχυση του θορύβου. Η επιλογή 8x8 tiles δίνει ενδιάμεση ισορροπία ανάμεσα σε τοπική λεπτομέρεια και φυσικό αποτέλεσμα."
547_low.png,547,547_high.png,Adaptive histogram equalization,"NumTiles=[16 16], ClipLimit=0.01",about 25x38 pixels,0.16328715553238,0.00625813934817665,0.0791084025131127,6.26051263965259,85.0258333333333,0,0,0.985376446100181,"Η τοπική ισοστάθμιση αποκαλύπτει περισσότερες λεπτομέρειες στις σκοτεινές περιοχές. Το clip limit περιορίζει την υπερβολική ενίσχυση του θορύβου. Τα περισσότερα tiles αντιστοιχούν σε μικρότερα τοπικά παράθυρα και δίνουν πιο έντονη τοπική προσαρμογή."
665_low.png,665,665_high.png,Original low-light,"",,0.040155506535948,0.000452573549358954,0.0212737760954409,4.35314264443454,99.9975,0,0,1,"Αρχική εικόνα χαμηλού φωτισμού πριν από την ισοστάθμιση."
665_low.png,665,665_high.png,Global histogram equalization,"CDF mapping",,0.526934383576387,0.083774072485779,0.289437510502317,4.33667356334138,22.53375,30.6770833333333,2.74875,0.972727048553744,"Η global ισοστάθμιση αυξάνει την αντίθεση επειδή απλώνει το ιστόγραμμα σε μεγαλύτερο εύρος. Η ισχυρή αύξηση της αντίθεσης μπορεί να κάνει πιο ορατό τον θόρυβο στις σκοτεινές περιοχές."
665_low.png,665,665_high.png,Adaptive histogram equalization,"NumTiles=[4 4], ClipLimit=0.01",about 100x150 pixels,0.127482254278722,0.00408910049208696,0.0639460748763124,5.82032455476015,97.8495833333333,0,0,0.981627759478564,"Η τοπική ισοστάθμιση αποκαλύπτει περισσότερες λεπτομέρειες στις σκοτεινές περιοχές. Το clip limit περιορίζει την υπερβολική ενίσχυση του θορύβου. Τα λιγότερα tiles αντιστοιχούν σε μεγαλύτερα τοπικά παράθυρα και πιο ομαλή μεταβολή."
665_low.png,665,665_high.png,Adaptive histogram equalization,"NumTiles=[8 8], ClipLimit=0.01",about 50x75 pixels,0.118822730918456,0.00360483125726659,0.0600402469787275,5.80023807814516,98.7216666666667,0,0,0.990160883344479,"Η τοπική ισοστάθμιση αποκαλύπτει περισσότερες λεπτομέρειες στις σκοτεινές περιοχές. Το clip limit περιορίζει την υπερβολική ενίσχυση του θορύβου. Η επιλογή 8x8 tiles δίνει ενδιάμεση ισορροπία ανάμεσα σε τοπική λεπτομέρεια και φυσικό αποτέλεσμα."
665_low.png,665,665_high.png,Adaptive histogram equalization,"NumTiles=[8 8], ClipLimit=0.03",about 50x75 pixels,0.233959154553324,0.0152046275540429,0.123307045841034,6.84948214719467,58.0383333333333,0.000416666666666667,0,0.99466350474959,"Η τοπική ισοστάθμιση αποκαλύπτει περισσότερες λεπτομέρειες στις σκοτεινές περιοχές. Το clip limit περιορίζει την υπερβολική ενίσχυση του θορύβου. Η επιλογή 8x8 tiles δίνει ενδιάμεση ισορροπία ανάμεσα σε τοπική λεπτομέρεια και φυσικό αποτέλεσμα."
665_low.png,665,665_high.png,Adaptive histogram equalization,"NumTiles=[16 16], ClipLimit=0.01",about 25x38 pixels,0.111251493922345,0.00297238697519608,0.0545196017519945,5.66790327584866,99.0954166666667,0,0,0.988281349621279,"Η τοπική ισοστάθμιση αποκαλύπτει περισσότερες λεπτομέρειες στις σκοτεινές περιοχές. Το clip limit περιορίζει την υπερβολική ενίσχυση του θορύβου. Τα περισσότερα tiles αντιστοιχούν σε μικρότερα τοπικά παράθυρα και δίνουν πιο έντονη τοπική προσαρμογή."
669_low.png,669,669_high.png,Original low-light,"",,0.080141176470589,0.0016601261668589,0.0407446458673886,5.27624881239429,99.9970833333333,0,0,0.999999999999999,"Αρχική εικόνα χαμηλού φωτισμού πριν από την ισοστάθμιση."
669_low.png,669,669_high.png,Global histogram equalization,"CDF mapping",,0.516015170503473,0.081127381922788,0.284828688728485,5.25028120023651,24.9016666666667,25.1116666666667,2.42333333333333,0.986598736026554,"Η global ισοστάθμιση αυξάνει την αντίθεση επειδή απλώνει το ιστόγραμμα σε μεγαλύτερο εύρος. Η ισχυρή αύξηση της αντίθεσης μπορεί να κάνει πιο ορατό τον θόρυβο στις σκοτεινές περιοχές."
669_low.png,669,669_high.png,Adaptive histogram equalization,"NumTiles=[4 4], ClipLimit=0.01",about 100x150 pixels,0.22524587420037,0.0172853866794115,0.131473901134071,6.90410919084342,63.87,0,0,0.991864459090261,"Η τοπική ισοστάθμιση αποκαλύπτει περισσότερες λεπτομέρειες στις σκοτεινές περιοχές. Το clip limit περιορίζει την υπερβολική ενίσχυση του θορύβου. Τα λιγότερα tiles αντιστοιχούν σε μεγαλύτερα τοπικά παράθυρα και πιο ομαλή μεταβολή."
669_low.png,669,669_high.png,Adaptive histogram equalization,"NumTiles=[8 8], ClipLimit=0.01",about 50x75 pixels,0.196484227455852,0.0117959434844144,0.108609131680602,6.65513942345977,70.9033333333333,0,0,0.989062604384275,"Η τοπική ισοστάθμιση αποκαλύπτει περισσότερες λεπτομέρειες στις σκοτεινές περιοχές. Το clip limit περιορίζει την υπερβολική ενίσχυση του θορύβου. Η επιλογή 8x8 tiles δίνει ενδιάμεση ισορροπία ανάμεσα σε τοπική λεπτομέρεια και φυσικό αποτέλεσμα."
669_low.png,669,669_high.png,Adaptive histogram equalization,"NumTiles=[8 8], ClipLimit=0.03",about 50x75 pixels,0.328109699839277,0.032134982487725,0.179262328691014,7.43024613898065,39.6308333333333,0.895416666666667,0,0.99641826528298,"Η τοπική ισοστάθμιση αποκαλύπτει περισσότερες λεπτομέρειες στις σκοτεινές περιοχές. Το clip limit περιορίζει την υπερβολική ενίσχυση του θορύβου. Η επιλογή 8x8 tiles δίνει ενδιάμεση ισορροπία ανάμεσα σε τοπική λεπτομέρεια και φυσικό αποτέλεσμα."
669_low.png,669,669_high.png,Adaptive histogram equalization,"NumTiles=[16 16], ClipLimit=0.01",about 25x38 pixels,0.181813293901822,0.0100793635935146,0.100396033753902,6.50640931335575,77.81375,0,0,0.986139887626473,"Η τοπική ισοστάθμιση αποκαλύπτει περισσότερες λεπτομέρειες στις σκοτεινές περιοχές. Το clip limit περιορίζει την υπερβολική ενίσχυση του θορύβου. Τα περισσότερα tiles αντιστοιχούν σε μικρότερα τοπικά παράθυρα και δίνουν πιο έντονη τοπική προσαρμογή."
748_low.png,748,748_high.png,Original low-light,"",,0.0607903104575169,0.00234262549268204,0.0484006765725649,4.80665295241349,99.605,0.15625,0.0825,1,"Αρχική εικόνα χαμηλού φωτισμού πριν από την ισοστάθμιση."
748_low.png,748,748_high.png,Global histogram equalization,"CDF mapping",,0.521985802708333,0.081989924443997,0.286338828041181,4.75928489300468,24.9870833333333,27.28625,2.32416666666667,0.998526087010829,"Η global ισοστάθμιση αυξάνει την αντίθεση επειδή απλώνει το ιστόγραμμα σε μεγαλύτερο εύρος. Η ισχυρή αύξηση της αντίθεσης μπορεί να κάνει πιο ορατό τον θόρυβο στις σκοτεινές περιοχές."
748_low.png,748,748_high.png,Adaptive histogram equalization,"NumTiles=[4 4], ClipLimit=0.01",about 100x150 pixels,0.180883078297074,0.00907132524601812,0.0952435050069983,6.47276906607233,79.4991666666667,0.179583333333333,0.0833333333333333,0.99501246882793,"Η τοπική ισοστάθμιση αποκαλύπτει περισσότερες λεπτομέρειες στις σκοτεινές περιοχές. Το clip limit περιορίζει την υπερβολική ενίσχυση του θορύβου. Τα λιγότερα tiles αντιστοιχούν σε μεγαλύτερα τοπικά παράθυρα και πιο ομαλή μεταβολή."
748_low.png,748,748_high.png,Adaptive histogram equalization,"NumTiles=[8 8], ClipLimit=0.01",about 50x75 pixels,0.168658727179421,0.00818898435813523,0.0904930072333505,6.37257409098373,85.3545833333333,0.18,0.08125,0.995274350223155,"Η τοπική ισοστάθμιση αποκαλύπτει περισσότερες λεπτομέρειες στις σκοτεινές περιοχές. Το clip limit περιορίζει την υπερβολική ενίσχυση του θορύβου. Η επιλογή 8x8 tiles δίνει ενδιάμεση ισορροπία ανάμεσα σε τοπική λεπτομέρεια και φυσικό αποτέλεσμα."
748_low.png,748,748_high.png,Adaptive histogram equalization,"NumTiles=[8 8], ClipLimit=0.03",about 50x75 pixels,0.310576611794783,0.0276450347992103,0.166267960831936,7.35223252064615,40.6291666666667,1.04,0.0891666666666667,0.998422298185643,"Η τοπική ισοστάθμιση αποκαλύπτει περισσότερες λεπτομέρειες στις σκοτεινές περιοχές. Το clip limit περιορίζει την υπερβολική ενίσχυση του θορύβου. Η επιλογή 8x8 tiles δίνει ενδιάμεση ισορροπία ανάμεσα σε τοπική λεπτομέρεια και φυσικό αποτέλεσμα."
748_low.png,748,748_high.png,Adaptive histogram equalization,"NumTiles=[16 16], ClipLimit=0.01",about 25x38 pixels,0.156377355189569,0.0076880654154657,0.0876816138963335,6.25567972737545,88.78,0.19,0.0804166666666667,0.993538294387465,"Η τοπική ισοστάθμιση αποκαλύπτει περισσότερες λεπτομέρειες στις σκοτεινές περιοχές. Το clip limit περιορίζει την υπερβολική ενίσχυση του θορύβου. Τα περισσότερα tiles αντιστοιχούν σε μικρότερα τοπικά παράθυρα και δίνουν πιο έντονη τοπική προσαρμογή."
778_low.png,778,778_high.png,Original low-light,"",,0.0395810294117649,0.00134623221707436,0.0366910372853421,4.7527235101108,99.9316666666667,0.00625,0,1,"Αρχική εικόνα χαμηλού φωτισμού πριν από την ισοστάθμιση."
778_low.png,778,778_high.png,Global histogram equalization,"CDF mapping",,0.524484539479168,0.0750895525438366,0.274024729803419,4.71997685964063,24.6566666666667,26.6183333333333,2.01166666666667,0.916642043140418,"Η global ισοστάθμιση αυξάνει την αντίθεση επειδή απλώνει το ιστόγραμμα σε μεγαλύτερο εύρος. Η ισχυρή αύξηση της αντίθεσης μπορεί να κάνει πιο ορατό τον θόρυβο στις σκοτεινές περιοχές."
778_low.png,778,778_high.png,Adaptive histogram equalization,"NumTiles=[4 4], ClipLimit=0.01",about 100x150 pixels,0.137671423633741,0.0120211648812633,0.109641072966582,5.92557733502217,82.88625,0.0104166666666667,0,0.994574798297617,"Η τοπική ισοστάθμιση αποκαλύπτει περισσότερες λεπτομέρειες στις σκοτεινές περιοχές. Το clip limit περιορίζει την υπερβολική ενίσχυση του θορύβου. Τα λιγότερα tiles αντιστοιχούν σε μεγαλύτερα τοπικά παράθυρα και πιο ομαλή μεταβολή."
778_low.png,778,778_high.png,Adaptive histogram equalization,"NumTiles=[8 8], ClipLimit=0.01",about 50x75 pixels,0.130142964070579,0.011351481007066,0.106543329247147,6.04570706868983,84.8679166666667,0.0116666666666667,0,0.994425047481821,"Η τοπική ισοστάθμιση αποκαλύπτει περισσότερες λεπτομέρειες στις σκοτεινές περιοχές. Το clip limit περιορίζει την υπερβολική ενίσχυση του θορύβου. Η επιλογή 8x8 tiles δίνει ενδιάμεση ισορροπία ανάμεσα σε τοπική λεπτομέρεια και φυσικό αποτέλεσμα."
778_low.png,778,778_high.png,Adaptive histogram equalization,"NumTiles=[8 8], ClipLimit=0.03",about 50x75 pixels,0.253343942428728,0.0369457085756496,0.192212664972029,7.01360189621483,60.70625,1.70875,0.000416666666666667,0.997608021252505,"Η τοπική ισοστάθμιση αποκαλύπτει περισσότερες λεπτομέρειες στις σκοτεινές περιοχές. Το clip limit περιορίζει την υπερβολική ενίσχυση του θορύβου. Η επιλογή 8x8 tiles δίνει ενδιάμεση ισορροπία ανάμεσα σε τοπική λεπτομέρεια και φυσικό αποτέλεσμα."
778_low.png,778,778_high.png,Adaptive histogram equalization,"NumTiles=[16 16], ClipLimit=0.01",about 25x38 pixels,0.125323065807914,0.0100324922510142,0.100162329500737,5.94716223519774,85.9579166666667,0.0154166666666667,0,0.99261351931962,"Η τοπική ισοστάθμιση αποκαλύπτει περισσότερες λεπτομέρειες στις σκοτεινές περιοχές. Το clip limit περιορίζει την υπερβολική ενίσχυση του θορύβου. Τα περισσότερα tiles αντιστοιχούν σε μικρότερα τοπικά παράθυρα και δίνουν πιο έντονη τοπική προσαρμογή."
780_low.png,780,780_high.png,Original low-light,"",,0.0572276633986933,0.00318530589653312,0.0564385143012563,4.80021313946401,98.4808333333333,0,0,1,"Αρχική εικόνα χαμηλού φωτισμού πριν από την ισοστάθμιση."
780_low.png,780,780_high.png,Global histogram equalization,"CDF mapping",,0.523979107604168,0.0818668243503352,0.286123792003278,4.67544961119929,23.3858333333333,25.245,2.01291666666667,0.995385670636653,"Η global ισοστάθμιση αυξάνει την αντίθεση επειδή απλώνει το ιστόγραμμα σε μεγαλύτερο εύρος. Η ισχυρή αύξηση της αντίθεσης μπορεί να κάνει πιο ορατό τον θόρυβο στις σκοτεινές περιοχές."
780_low.png,780,780_high.png,Adaptive histogram equalization,"NumTiles=[4 4], ClipLimit=0.01",about 100x150 pixels,0.159744658243648,0.0114612762279548,0.107057350181829,6.38546566308395,87.2508333333333,0.44,0,0.994040047253629,"Η τοπική ισοστάθμιση αποκαλύπτει περισσότερες λεπτομέρειες στις σκοτεινές περιοχές. Το clip limit περιορίζει την υπερβολική ενίσχυση του θορύβου. Τα λιγότερα tiles αντιστοιχούν σε μεγαλύτερα τοπικά παράθυρα και πιο ομαλή μεταβολή."
780_low.png,780,780_high.png,Adaptive histogram equalization,"NumTiles=[8 8], ClipLimit=0.01",about 50x75 pixels,0.147714923644968,0.0111868533143162,0.105767921953285,6.22837129623884,89.3466666666667,0.40625,0,0.993599201563604,"Η τοπική ισοστάθμιση αποκαλύπτει περισσότερες λεπτομέρειες στις σκοτεινές περιοχές. Το clip limit περιορίζει την υπερβολική ενίσχυση του θορύβου. Η επιλογή 8x8 tiles δίνει ενδιάμεση ισορροπία ανάμεσα σε τοπική λεπτομέρεια και φυσικό αποτέλεσμα."
780_low.png,780,780_high.png,Adaptive histogram equalization,"NumTiles=[8 8], ClipLimit=0.03",about 50x75 pixels,0.259357496941655,0.0232483912444706,0.152474231411313,7.0841699540146,58.78125,1.155,0.000416666666666667,0.996740997274756,"Η τοπική ισοστάθμιση αποκαλύπτει περισσότερες λεπτομέρειες στις σκοτεινές περιοχές. Το clip limit περιορίζει την υπερβολική ενίσχυση του θορύβου. Η επιλογή 8x8 tiles δίνει ενδιάμεση ισορροπία ανάμεσα σε τοπική λεπτομέρεια και φυσικό αποτέλεσμα."
780_low.png,780,780_high.png,Adaptive histogram equalization,"NumTiles=[16 16], ClipLimit=0.01",about 25x38 pixels,0.13977020295759,0.0109988388556411,0.104875349132392,6.07756770730618,91.9908333333333,0.622083333333333,0,0.992029050479691,"Η τοπική ισοστάθμιση αποκαλύπτει περισσότερες λεπτομέρειες στις σκοτεινές περιοχές. Το clip limit περιορίζει την υπερβολική ενίσχυση του θορύβου. Τα περισσότερα tiles αντιστοιχούν σε μικρότερα τοπικά παράθυρα και δίνουν πιο έντονη τοπική προσαρμογή."
